,x,y,id_sec,id_grain,g_area
0,0.8793141127710923,-0.4067391461344432,0.1,129,0.018448612854307482
1,0.9659902550842278,-0.3522723387779485,0.1,354,0.007896920277291788
2,0.8612548319800424,-0.3320335448483266,0.1,418,0.0019632991194769274
3,0.9588597424230099,-0.4623288930194097,0.1,452,0.0059783069436169355
4,0.9680062158284235,-0.2658810883343746,0.1,727,0.0031744601776790404
5,0.9432606206597391,-0.10326648130221923,0.1,10,0.005686501433336004
6,0.9746228352239316,-0.11851652714886791,0.1,16,0.002823662868905707
7,0.9187198471258279,-0.28602568803315137,0.1,42,0.0028364624610466623
8,0.8634939197156362,-0.21701565168822218,0.1,118,0.003875349159199077
9,0.8542582545618536,-0.14775605833084443,0.1,404,0.004741150432096141
10,0.9113256725813187,-0.225029574138899,0.1,425,0.0031067535735192922
11,0.9457004127231542,-0.183319082153287,0.1,426,0.007997482057446912
12,0.8403349978096095,-0.28703122025574246,0.1,681,0.008475645278000167
13,0.7787878944036707,-0.050231007736308286,0.1,145,0.006007479126140825
14,0.8103664760118956,-0.11529734154928457,0.1,194,8.466378038258e-05
15,0.8210545215277368,0.12768570206155858,0.1,134,0.006182652963726768
16,0.7926017392898218,0.14426294895552258,0.1,244,0.00044105703515711893
17,0.8937300481069318,-0.05102687107544897,0.1,322,0.018649770673015813
18,0.8292939230831795,0.03672088276392915,0.1,486,0.008139043665111121
19,0.9560634438435731,0.19136768236767057,0.1,370,0.006831788499592336
20,0.8705438881314372,0.25508620795409204,0.1,433,0.007715123985600421
21,0.8651689692128295,0.18742765006795883,0.1,558,0.0038310818995229714
22,0.9266215629010541,0.09514150621201915,0.1,561,0.017319423245299885
23,0.9438139592238666,0.27253311937467833,0.1,861,0.00726364444458296
24,0.9061083587562571,0.4029661331598865,0.1,91,0.0023783823018221164
25,0.9547802946517198,0.35675264120322037,0.1,481,0.006510461668351437
26,0.7877990625304904,0.3608565968469044,0.1,566,0.008014942702333204
27,0.8353237994261841,0.41686495842565385,0.1,700,0.002754207030920276
28,0.956876671014205,0.4466377235114014,0.1,904,0.008145146310161742
29,0.874417710435334,0.33851822036245105,0.1,946,0.007604081487751609
30,0.8672417987536974,0.46106762028734344,0.1,962,0.008021945690043683
31,0.6999271454481029,-0.30864574592442084,0.1,103,0.005869694391072745
32,0.7705290851379927,-0.3582403926296621,0.1,127,0.00901466757195665
33,0.7272508842720011,-0.4620624091679345,0.1,252,0.013953461341786561
34,0.6391064132768316,-0.38514687332532943,0.1,307,0.014863514462551838
35,0.7476860223003633,-0.12045270199487693,0.1,147,0.008690535596593173
36,0.6884265130331637,-0.24038265189772443,0.1,420,0.002427672604363508
37,0.6497789790980698,-0.16546385856463433,0.1,273,0.008638797631459772
38,0.59098752735103,-0.20062287813567334,0.1,446,0.005967784532550948
39,0.7708038745153566,-0.22509444178321378,0.1,677,0.011983725602512051
40,0.6584745034625684,-0.2802080741071021,0.1,841,0.0014262878957195767
41,0.7137198129416527,-0.18744621852300322,0.1,887,0.002203758249072337
42,0.720149091367237,-0.053058554067538594,0.1,844,0.001474710025727701
43,0.7650728765637647,0.09678682069122342,0.1,54,0.006229346696729064
44,0.6303042210073,-0.10671932959452737,0.1,613,0.005755020204542158
45,0.6529717482816589,-0.04143914965417981,0.1,889,0.010017985332326663
46,0.7054070765026623,0.027224636368100637,0.1,919,0.011861720665687648
47,0.6485327684838356,0.12061236687941711,0.1,5,0.013039249500390204
48,0.7406419994415363,0.2030201504239448,0.1,255,0.015465836236520895
49,0.7826017242785509,0.27040836969844956,0.1,330,0.008799801999427162
50,0.778043470409276,0.4189214166934406,0.1,128,0.001212110387362762
51,0.5969104591790653,0.46883778211155036,0.1,166,0.0007464598642432231
52,0.7801318356214908,0.4612531220018502,0.1,196,0.00384296062172642
53,0.739763958951951,0.3383130416016808,0.1,239,0.0003131070126369915
54,0.6533756249642368,0.4295747378662778,0.1,49,0.005186029728822325
55,0.6857170077061726,0.4608307826695223,0.1,312,0.00817143859820388
56,0.708227982845347,0.35943082373352475,0.1,983,0.010752823019943214
57,0.5450569530476953,-0.3661884210355302,0.1,994,0.006900882757488136
58,0.5895538429169643,-0.4791215580956587,0.1,320,0.004246011998011838
59,0.48627918934098646,-0.2949251759822199,0.1,379,0.012115472060122152
60,0.44374513889026784,-0.3734165124961705,0.1,554,0.005638854141755347
61,0.5049772423773525,-0.4451525641869017,0.1,891,0.010914786033287853
62,0.5584081223679636,-0.14264088836159264,0.1,356,0.0009659867607159887
63,0.45110750370958075,-0.11162505349082472,0.1,184,0.01343623684935735
64,0.45265910676263765,-0.18738255757959724,0.1,193,0.009547127443134245
65,0.5198933688769537,-0.16126390040346997,0.1,685,0.00132612565667385
66,0.5231843865483901,-0.1881478327783551,0.1,906,7.45991100551412e-05
67,0.5735115529014269,-0.2606582895814201,0.1,936,0.012033631636165483
68,0.4470689508923635,-0.020362356699144667,0.1,489,0.006061185638874507
69,0.5432052699157403,-0.08409426903777502,0.1,476,0.007331963310329756
70,0.5541308928886146,0.032437098425023236,0.1,943,0.01606184634517142
71,0.5150583432773465,0.231410239556755,0.1,208,0.009492671235004144
72,0.5263660544045948,0.3112175740791983,0.1,362,0.0016485406630743478
73,0.5146087094827306,0.13329361561042202,0.1,424,0.009281421093211987
74,0.6029351463804397,0.27288885054916706,0.1,515,0.010661846809451836
75,0.4400521690095957,0.0877516295070795,0.1,607,0.0077520767495566755
76,0.4144022119908534,0.14681087460032666,0.1,609,0.0010591956426570556
77,0.6030031643605998,0.1777919143901961,0.1,816,0.005281136684731586
78,0.4202513880884201,0.197563940287827,0.1,825,0.006693571527969667
79,0.45124408109289454,0.3106477757198484,0.1,892,0.011688670293268102
80,0.4096961494079292,0.37772075256215937,0.1,630,0.0003122579369739606
81,0.5647149047900537,0.4827115439691977,0.1,718,0.0019496281249794143
82,0.5739180322063464,0.38117970286959935,0.1,206,0.015527793902507792
83,0.45877416619271133,0.41605168111602414,0.1,325,0.01869684670690775
84,0.5007814835723393,0.3347812590358179,0.1,702,4.3233799507761276e-05
85,0.38428779338817687,0.40029100888743885,0.1,720,0.0008633806085044597
86,0.2572444335505365,-0.4592261598328884,0.1,556,2.179474944039716e-05
87,0.3391425718291865,-0.3576762489339237,0.1,605,0.014583291584609371
88,0.3334665160581812,-0.45341694573237673,0.1,795,0.014749408061030242
89,0.38289096893778535,-0.25126964644329153,0.1,9,0.011774045551379047
90,0.2546466149976057,-0.24303442136841805,0.1,555,0.021505911304094873
91,0.26584040045410945,0.08740011002796728,0.1,602,0.011859703271006265
92,0.3216328840023874,-0.09342006077099917,0.1,663,0.016784936643895118
93,0.2660179228459707,-0.016765594329371747,0.1,847,0.009433615768401737
94,0.37087275177955004,0.04268724426893792,0.1,940,0.010750578735986777
95,0.3794470622873749,0.16125281513920897,0.1,365,0.0006481496433386199
96,0.3554545957343052,0.13519519601126004,0.1,723,0.003988001937294144
97,0.25682400118687204,0.2947298459261864,0.1,28,0.005920272895569029
98,0.30385892465117653,0.2937619980559426,0.1,67,0.0009537287695798126
99,0.17603858573206307,0.26580051682765393,0.1,257,0.004526572419909533
100,0.3210038018726489,0.21146768748622602,0.1,326,0.007885075665476759
101,0.20197842735972737,0.1978392073258339,0.1,352,0.013589615989037853
102,0.3589748420834521,0.3265136764084863,0.1,548,0.0061485432166146995
103,0.3727763761272823,0.25178992626349334,0.1,809,0.004106721633730553
104,0.32573034108440585,0.3660086965189526,0.1,877,0.005537075371635182
105,0.3522726007933912,0.45355398749202996,0.1,63,0.005046153502861321
106,0.22816612018367327,0.4730671097826088,0.1,640,0.008807402178433971
107,0.2510741616221083,0.3859805306049087,0.1,755,0.01448048301331167
108,0.013876615705987888,-0.4001318855519162,0.1,822,0.003058685770955318
109,0.12000174015878443,-0.46532202275750045,0.1,961,0.0014282997534445822
110,0.15871662361283329,-0.3306565364998441,0.1,31,0.008913080751191684
111,0.052905347421920323,-0.32425381922903773,0.1,45,0.007304394491015597
112,0.08833119575460528,-0.41521148332107444,0.1,160,0.012155856381622423
113,0.04215602093817058,-0.4815259596753519,0.1,222,0.0026255436668228493
114,0.1846077867947964,-0.4770319611673695,0.1,690,0.007081025791399715
115,0.2186098679764992,-0.40921588149615823,0.1,932,0.011546979118532384
116,0.23059264671550447,-0.1274421634089253,0.1,246,0.002194394207626286
117,0.12441083707699513,-0.17142092749705176,0.1,32,0.01925073470208643
118,0.08652155089819362,-0.2543831237912499,0.1,207,0.011325011289403844
119,0.017644602295440043,-0.17269997684095845,0.1,580,0.0021642888775509767
120,0.0376057704485504,-0.061500022905707295,0.1,213,0.010505076452528538
121,0.16438838102408695,0.01506253365463095,0.1,251,0.0006905013032599096
122,0.0077859182268699145,0.018095845063197807,0.1,509,0.00012574941659178318
123,0.19569852601593565,-0.002856935360571078,0.1,44,0.0021512434178397855
124,0.14678883018525898,0.07332304364405677,0.1,215,0.01621846159176697
125,0.04798729393423914,0.03187790566641651,0.1,301,0.0012317633531734114
126,0.1752631325657942,-0.07703834913634011,0.1,516,0.012325739591073807
127,0.130695166541309,-0.008610572171811279,0.1,588,0.008628849675790464
128,0.19529713460562503,-0.03944693262942415,0.1,920,6.729156557664247e-06
129,0.09462305872392157,0.14840007781827272,0.1,26,0.00633029810345219
130,0.04250157011437931,0.24111093495179747,0.1,262,0.006203205692281031
131,0.013749599343843344,0.044364496201461684,0.1,341,0.0017065648412289166
132,0.03502839642117119,0.11634961436089405,0.1,805,0.009037591928607237
133,0.12084745780697005,0.2474996921124157,0.1,928,0.006075262079410934
134,0.1728473383093142,0.3213376644203539,0.1,989,0.002245954583700093
135,0.11010429973034634,0.4824673611634219,0.1,662,0.0029994629438281364
136,0.14070772508265217,0.39827168882406516,0.1,125,0.010027765010881791
137,0.05382790606898732,0.4267089138927794,0.1,201,0.009023539748385885
138,0.03522053351902543,0.48758406220157247,0.1,527,0.0017495062990696246
139,0.08302952395873006,0.3646715221866789,0.1,627,0.0018307516421492056
140,0.09427101610809296,0.3168739635258513,0.1,941,0.005916274905488555
141,0.029375234658104675,0.3388982283151448,0.1,991,0.004405347115826972
0,0.8668200943648632,-0.3872276256035177,0.2,129,0.013910166127767926
1,0.9723602479256714,-0.3660501408052583,0.2,354,0.0023018335899989343
2,0.8179363094178559,-0.42109775146278927,0.2,417,0.0026470493724135703
3,0.9264478309851173,-0.46361494957372407,0.2,452,0.009003252544505099
4,0.9485078501085243,-0.13945056253907534,0.2,16,0.0075797469785662645
5,0.891360702653406,-0.30313536695967624,0.2,42,0.010825104127079405
6,0.8443930706643213,-0.21607831307498895,0.2,118,0.004589317173439481
7,0.9775841612445044,-0.04539678367918716,0.2,309,0.005366504472942771
8,0.8621619099133184,-0.14781170553947878,0.2,404,0.009114439909912694
9,0.9665103894243556,-0.28206463523501346,0.2,405,0.006088515604025527
10,0.9168050810539042,-0.2186795266472414,0.2,425,0.0031873098889060934
11,0.9690864053289219,-0.20806385421730747,0.2,467,0.0033302651459221062
12,0.8193175419004465,-0.27839341610780255,0.2,604,0.004155149549701131
13,0.8130575043644959,-0.3438126983003947,0.2,681,0.0003614617650349598
14,0.8397719604165725,0.07573357200835562,0.2,134,0.010261798819196418
15,0.7855799678883453,0.12163402784852101,0.2,244,0.007621764506821378
16,0.866201843246748,-0.04505409295786205,0.2,322,0.01784018498898545
17,0.9955837692277895,-0.005117083534043758,0.2,886,2.000349146716325e-05
18,0.8585144770664042,0.15425003672920115,0.2,212,6.388371714005937e-05
19,0.9245038036724117,0.2925619141464856,0.2,230,0.0018524782693397975
20,0.982626836856713,0.18350607273629,0.2,370,0.0009540327141934077
21,0.8559153878058798,0.3088622979782887,0.2,433,0.010671976848025951
22,0.8942259300934251,0.19603099198716534,0.2,558,0.009400439743696549
23,0.9433503559039456,0.08067918703828829,0.2,561,0.019707893056205364
24,0.9623628925996291,0.2707074537637342,0.2,861,0.007976312318951042
25,0.938836937694853,0.4045663519520889,0.2,91,0.012039212571666735
26,0.9800150106186282,0.34526880549567424,0.2,481,0.0021914204486602295
27,0.8253021890839154,0.42818064915191617,0.2,700,0.01583578630691485
28,0.9792992984683441,0.4659237156985247,0.2,904,0.003174313457847125
29,0.8417450116259527,0.3527053253547869,0.2,946,1.3937247823181371e-05
30,0.8890573854494512,0.4934678920557671,0.2,962,0.0009158468448894353
31,0.7132210449835407,-0.35063599265701023,0.2,103,0.0001673602689313676
32,0.7443660509279078,-0.36930270815081717,0.2,127,0.0011751821015824264
33,0.7049833881356704,-0.464218432373607,0.2,252,0.00815777370345591
34,0.6931632685849864,-0.3929770504653777,0.2,307,0.004593432797509961
35,0.6412298045606233,-0.47420313504397277,0.2,692,0.0012713056752540627
36,0.7899164423481381,-0.44287342106456534,0.2,736,0.008219732679722267
37,0.6603389582610524,-0.15425365878288774,0.2,273,0.00019855666151882706
38,0.7682788311527248,-0.3224362065577049,0.2,363,0.008811306764940921
39,0.7949284122879032,-0.23586651688723212,0.2,677,0.0007381491588513442
40,0.6586914079762077,-0.2845998370535328,0.2,841,0.01367190261080578
41,0.737399681259102,-0.15860144389343997,0.2,887,0.02074607920829694
42,0.735129018332321,0.0881230928359044,0.2,54,2.6087341766766532e-05
43,0.638826557951165,-0.10158347973723884,0.2,613,0.008939112601523799
44,0.624995114375222,0.007561829034095587,0.2,668,0.009416659245108348
45,0.7580236584099409,-0.00787038511175503,0.2,725,0.006773412517448954
46,0.6992723934997777,-0.04795333043223957,0.2,889,0.005137618778444436
47,0.715355082131994,0.044157284402650855,0.2,919,0.0055324772075963456
48,0.6833516697747577,0.12180210829082252,0.2,5,0.013923186198307605
49,0.7174406618289124,0.21924529403555323,0.2,255,0.007722548153422915
50,0.7968535819447796,0.21165521668755585,0.2,337,0.007036778946168217
51,0.7638018454545787,0.16188374535884736,0.2,661,0.00032184197271334277
52,0.6736713590967118,0.28290001424267897,0.2,970,0.0008129248677855602
53,0.7424272085864697,0.3008128400403291,0.2,978,0.008944887620962287
54,0.6389337134432475,0.45137665874083394,0.2,49,0.0021696224601892725
55,0.6162960000482152,0.48472444618156374,0.2,269,0.00017617250940559637
56,0.6891105837458176,0.47987453309647304,0.2,312,0.005262902888216376
57,0.6529352928947358,0.3271381719350749,0.2,317,0.0050899803692342795
58,0.7301347927167613,0.4281930951049661,0.2,465,0.0056890550328133945
59,0.791952801312188,0.356181954777808,0.2,858,0.005016642158118005
60,0.6871306902531608,0.3854974005689014,0.2,983,0.007095731513285917
61,0.6049688708232711,-0.39848694068637736,0.2,99,0.012496245415519656
62,0.5343555621327125,-0.4691556409445248,0.2,320,0.010562218926582538
63,0.4964232343803541,-0.27728856346838093,0.2,379,0.008679587930064235
64,0.4356721901563792,-0.36459774249013593,0.2,554,0.012331765935078585
65,0.554500627036508,-0.33445035637769216,0.2,832,0.005747583678925468
66,0.48020567551787413,-0.4242097247455991,0.2,969,0.004968820025527346
67,0.4292335037892016,-0.48354129485539177,0.2,817,0.0008977825287638737
68,0.42598524907290763,-0.10917366756827473,0.2,184,0.007779318054000631
69,0.6249078696276201,-0.1640995322816076,0.2,284,0.00335420543166284
70,0.4413248222480796,-0.19308269145033666,0.2,372,0.007586108246906785
71,0.49278223135047106,-0.10490378922811888,0.2,524,0.008959230367151344
72,0.3615285382181398,-0.1522954404527897,0.2,778,0.0003358015339629441
73,0.5554556846380387,-0.20035732546501167,0.2,906,0.009656862456493949
74,0.575591226226096,-0.27068330868499624,0.2,936,0.002639122191810248
75,0.44326435199068204,-0.013785766095556167,0.2,303,0.0043736548498912045
76,0.5897197471425227,0.07773722782254208,0.2,461,0.004142871311204692
77,0.5624373823111558,-0.09050327025838163,0.2,476,0.007241969802338273
78,0.5225679721571445,0.014991558485698655,0.2,943,0.009508868069119863
79,0.5123324669363969,0.2059033141727483,0.2,208,0.004222595970413164
80,0.6214086299424466,0.22840878393152383,0.2,227,0.010871338854254425
81,0.5557380820948359,0.2855368599051443,0.2,362,0.011132317492712089
82,0.4604138693586045,0.07498114646338516,0.2,607,0.009230023383396697
83,0.4294263406068546,0.1638434908591456,0.2,609,0.010563791960355806
84,0.5423096463357208,0.12883684944773607,0.2,769,0.00864205471717827
85,0.4144728164832381,0.26391455764061234,0.2,892,0.01915252985301033
86,0.5914730621304931,0.38777922553981803,0.2,206,0.006071217420436775
87,0.5508103582319078,0.4663423823926706,0.2,298,0.007999103606363913
88,0.4718579476859344,0.4879576229961809,0.2,325,0.00016584624888041802
89,0.5222231393606415,0.3971039956155545,0.2,464,0.006635928965923735
90,0.5029222636656426,0.3371129417426431,0.2,702,0.005149621636794548
91,0.4354092874154058,0.4229011928496573,0.2,720,0.013026622230920302
92,0.3641776664169106,-0.4421948798275529,0.2,250,0.014483258594907249
93,0.24829590664456413,-0.4467078523174712,0.2,556,0.007613907973452781
94,0.3233546557596842,-0.3585940170652559,0.2,605,0.0020971878641583464
95,0.41413101473736047,-0.49830708504618193,0.2,795,2.303609989657005e-05
96,0.37109165395500027,-0.2473852991010783,0.2,9,0.015473348490924457
97,0.24899410228338392,-0.3035068386860558,0.2,507,0.004844158342178698
98,0.2835422730495228,-0.23052819683191603,0.2,555,0.015172658192718777
99,0.3230224487707904,-0.1494463787474784,0.2,645,0.001662990507335649
100,0.35407501882493064,-0.036993552835226595,0.2,8,0.007644236891145935
101,0.3702380574317552,-0.10017901289787107,0.2,216,0.005386848503982197
102,0.27117332155689317,0.03774692716528252,0.2,625,0.011318925925099909
103,0.26660911619716443,-0.101815222117739,0.2,642,0.009178547773251111
104,0.27065302800587665,0.13027880068675832,0.2,695,0.0072913676711349185
105,0.36207809517052225,0.07814543255817476,0.2,940,0.01090527832235701
106,0.3022282478692248,0.3056585892015053,0.2,67,0.015059893017168853
107,0.32325836448154643,0.20034780022276105,0.2,326,0.000971129741726338
108,0.2328369749828322,0.19007303627327918,0.2,352,0.008413066513106818
109,0.34748675336716855,0.17437568623791125,0.2,472,0.002881574768906167
110,0.31345378922899964,0.16198077911593486,0.2,956,0.001082584986979023
111,0.3370115595716636,0.44523848967872137,0.2,63,0.010273360167978703
112,0.2119280604118255,0.48664926735682457,0.2,640,0.0033273914451611465
113,0.19541161152211906,0.3477680615546234,0.2,810,0.0023092191236022386
114,0.24492300057229502,0.4058970890047714,0.2,824,0.016938763581567196
115,0.04100614098528643,-0.3043585367211064,0.2,45,0.0025764985555531018
116,0.02976230579429176,-0.36041646928673343,0.2,149,0.005551598938784451
117,0.08499473874887445,-0.390810636892432,0.2,160,0.0037269593187763024
118,0.061668302401949836,-0.4508486480135125,0.2,222,0.009038619648915959
119,0.1775489153226447,-0.44313505388158914,0.2,344,0.004105256114006926
120,0.2083982429859465,-0.3275401029185531,0.2,520,0.009016396742227682
121,0.14633431395971602,-0.3696026430661724,0.2,579,0.014156489185339986
122,0.15112634879209247,-0.47686352835089013,0.2,611,0.0038239197695370706
123,0.12252704809995274,-0.4390050225350269,0.2,802,0.000392277244440001
124,0.13676001324106074,-0.19675540790514917,0.2,32,0.015004448047921335
125,0.07896886937885424,-0.28335077722218205,0.2,207,0.0015338090768923388
126,0.035394060757641045,-0.2452561047969904,0.2,454,0.005505431345767352
127,0.039887266156638755,-0.133306875463422,0.2,580,0.009682852585981713
128,0.2060652003549563,-0.20946775042734136,0.2,916,0.004512048513701227
129,0.20472424113719595,-0.0022168475475018213,0.2,44,0.010843725085912227
130,0.1612912269187583,0.09887584408544915,0.2,215,0.008128190513367493
131,0.047737204939375784,0.013188077177092703,0.2,301,0.011357796687905874
132,0.1379496455030959,-0.08300408636221403,0.2,516,0.014427426533089788
133,0.1278991273076377,-0.00018304736516401576,0.2,920,0.007273393356362913
134,0.0932225618919425,0.1568295208677156,0.2,26,0.012699150178405134
135,0.044419728215027265,0.2640052768794181,0.2,262,0.008386372069915899
136,0.03102754540860045,0.19937247095888422,0.2,764,0.0021620141020026883
137,0.018394267233423967,0.14230673367494134,0.2,777,0.0029829281360090813
138,0.011111440964590824,0.0858184037254566,0.2,805,0.000655956343576819
139,0.11557119964751125,0.27509788232274224,0.2,928,0.007066010287604305
140,0.17627792121261812,0.27516011016779335,0.2,989,0.011332639288953172
141,0.15799089043829131,0.4265492119267811,0.2,125,0.0033904228703980424
142,0.014335775627595937,0.3441980883514503,0.2,406,0.0005699268225333549
143,0.07852864652035053,0.45170289511995393,0.2,527,0.013452201372613548
144,0.09761025102166879,0.36593150173653355,0.2,627,0.007802215060245743
145,0.011743007094904584,0.37161196315244943,0.2,654,0.0009021554767035433
146,0.05665719619028323,0.3279747212230991,0.2,941,0.0036233015167485244
0,0.8299104901440487,-0.40481877555081575,0.30000000000000004,417,0.012161330104088328
1,0.975298373659319,-0.4808208615896478,0.30000000000000004,452,0.0021319015974692523
2,0.9979112954261353,-0.36547901518905407,0.30000000000000004,37,6.225560263578179e-05
3,0.9453335092810334,-0.41374747814681884,0.30000000000000004,833,0.01516070669735798
4,0.9032882188414627,-0.3181528392813912,0.30000000000000004,42,0.004724126128476068
5,0.8702984413317552,-0.16807723454619236,0.30000000000000004,263,0.008290652961974945
6,0.9638076430583787,-0.11178074223185859,0.30000000000000004,309,0.0072236183437875325
7,0.9712916114218887,-0.31120105937229114,0.30000000000000004,405,0.007302825553314213
8,0.9486053482953446,-0.21804763871836055,0.30000000000000004,467,0.00667426062307779
9,0.9051328387180717,-0.07733376782914438,0.30000000000000004,495,0.007491167892620499
10,0.8539098280999303,-0.2643829527067258,0.30000000000000004,604,0.011662495385043072
11,0.8149010086696348,-0.15678673176331206,0.30000000000000004,599,0.00020736070972466052
12,0.8088554497349535,-0.09491778783120279,0.30000000000000004,106,0.011628895423939963
13,0.842909284467454,0.06618041670710723,0.30000000000000004,134,0.0010067707469510368
14,0.7947785325617147,0.10697805408168064,0.30000000000000004,244,0.006255351870830943
15,0.878561516762927,0.017627903805054128,0.30000000000000004,318,0.01028515553210338
16,0.9595590537668652,-0.007905874849755723,0.30000000000000004,886,0.005937503139627102
17,0.8646790942774375,0.12576297781926832,0.30000000000000004,212,0.007501128911102894
18,0.9189022165653435,0.25669366451395237,0.30000000000000004,230,0.011957479546095658
19,0.8891097897729823,0.20527728337927068,0.30000000000000004,558,0.004080686211163579
20,0.9520450683932508,0.14320191515251912,0.30000000000000004,560,0.01373057242271716
21,0.9492390368592647,0.053057625987469104,0.30000000000000004,561,0.0018677697869152671
22,0.9503329512662544,0.43429772391736166,0.30000000000000004,91,0.013006357625470073
23,0.9233932912179558,0.33617853832695455,0.30000000000000004,297,0.009788867410723094
24,0.8318049253436636,0.43619216550271417,0.30000000000000004,700,0.014948191987129402
25,0.6164926907634561,-0.46826343875541054,0.30000000000000004,692,0.008189784532329405
26,0.7502387236537488,-0.46598671946788284,0.30000000000000004,736,0.009620941937740183
27,0.7237045927371776,-0.4043440095011867,0.30000000000000004,770,0.0032331084078492636
28,0.7078628375683489,-0.34939999294033697,0.30000000000000004,178,0.00034524816083548267
29,0.6819886159843789,-0.3892795459000536,0.30000000000000004,192,0.0062396018313492264
30,0.7518656131846778,-0.30898993246113865,0.30000000000000004,363,0.015109204469249703
31,0.6603374422688517,-0.2804666186518511,0.30000000000000004,841,0.011468509308862089
32,0.7641624658158551,-0.16993401255020069,0.30000000000000004,887,0.009548305077751213
33,0.6969785361526513,-0.13067643214659566,0.30000000000000004,635,0.006683734329911893
34,0.6322596409715334,-0.09152643394962334,0.30000000000000004,613,0.0025071721049304448
35,0.6654572892782369,-0.031099498477839403,0.30000000000000004,668,0.013435685595915084
36,0.7577921670822824,0.0017000441386391535,0.30000000000000004,725,0.014204304174128428
37,0.694638688898585,0.08828484009202546,0.30000000000000004,935,0.01163984676294808
38,0.6943704572676951,-0.0005373784629687702,0.30000000000000004,254,0.0002507777325381779
39,0.7286298652539871,-0.07847403460932395,0.30000000000000004,655,0.00048075480415833764
40,0.6663862446621556,0.16554192285153024,0.30000000000000004,5,0.0013407406413350918
41,0.8193576362501389,0.2386618130079767,0.30000000000000004,337,0.006806544079563447
42,0.7511578702879299,0.18635760118244507,0.30000000000000004,661,0.008774401949235492
43,0.6887931259217305,0.2501847467469503,0.30000000000000004,970,0.008883112347731242
44,0.7360987548851217,0.2971261407463188,0.30000000000000004,978,0.004122727292896319
45,0.6471784010764585,0.46727886428418447,0.30000000000000004,269,0.005017313959031194
46,0.6578694008548425,0.35061625240380234,0.30000000000000004,317,0.008125838492874989
47,0.6426743444785838,0.42491407502244116,0.30000000000000004,324,8.736423479064538e-05
48,0.7108569356613251,0.4250409739759264,0.30000000000000004,465,0.011467803084530786
49,0.6008464977435031,0.3892043860802627,0.30000000000000004,479,0.00453425544237464
50,0.7136953005076715,0.35241813492965723,0.30000000000000004,757,0.00032999516957699917
51,0.7992575716732999,0.3413509723589429,0.30000000000000004,858,0.0120064520979476
52,0.7361225510772519,0.4930154943901084,0.30000000000000004,818,0.000960177651623758
53,0.6111177149062235,-0.37821761589700004,0.30000000000000004,99,0.009000936063094827
54,0.5241626125259147,-0.4898269188835632,0.30000000000000004,320,0.001003605593205155
55,0.5412563860764962,-0.4133368106781152,0.30000000000000004,498,0.005141140534524317
56,0.43886242435023315,-0.3437957857852701,0.30000000000000004,554,0.008013375622031976
57,0.5510065030484966,-0.3187517406550234,0.30000000000000004,832,0.006244216974257221
58,0.4847612781483185,-0.40132438606422544,0.30000000000000004,969,0.007111534435883629
59,0.45119135287290074,-0.46215230108644395,0.30000000000000004,817,0.006103077379268329
60,0.5172385399122119,-0.4643948410052087,0.30000000000000004,866,0.0014882806716362488
61,0.46881933529852715,-0.2568308389396282,0.30000000000000004,35,0.005047018121858523
62,0.6006353905406902,-0.1604156642727404,0.30000000000000004,284,0.012884590629282816
63,0.5332583794301105,-0.19779260595432052,0.30000000000000004,313,0.004606774739151226
64,0.4212431747225067,-0.2177628430005468,0.30000000000000004,372,0.006069569317392948
65,0.52678936537458,-0.2795334432643697,0.30000000000000004,502,0.0030762695697880158
66,0.49329060479654213,-0.11556606545428247,0.30000000000000004,524,0.008805862020410376
67,0.4806537325397408,-0.19163974601889533,0.30000000000000004,536,0.0029170353569877494
68,0.41520279456641385,-0.1619775695305769,0.30000000000000004,778,0.00502506346742608
69,0.5777906102147585,-0.2506284345238462,0.30000000000000004,906,0.0018939008534673441
70,0.46935912461370544,-0.22342472149555637,0.30000000000000004,954,6.39332849838528e-05
71,0.5545806865233338,-0.12629283796431062,0.30000000000000004,587,0.0002805382780307289
72,0.5473428961963394,-0.045311874625339726,0.30000000000000004,146,0.010597554329970218
73,0.434965625854308,-0.004961806094911962,0.30000000000000004,303,0.009282552153794615
74,0.5900366611525056,0.08531224188799043,0.30000000000000004,461,0.010950447151007538
75,0.5818389486242342,-0.10148325085745127,0.30000000000000004,476,0.0002824570358163206
76,0.4546197920199145,0.06511256157494576,0.30000000000000004,826,0.006112374714722119
77,0.6260655410075533,0.20972713901659018,0.30000000000000004,227,0.009467323232309862
78,0.5157525127965391,0.2143443216379691,0.30000000000000004,241,0.006351555752786693
79,0.5720112466644567,0.28962446925005514,0.30000000000000004,362,0.006796843992076603
80,0.4388485236403834,0.1011452789065887,0.30000000000000004,607,0.0005448361875160556
81,0.4503048265681239,0.1703350738859696,0.30000000000000004,609,0.00669474240137948
82,0.5307638398460341,0.13063265016315176,0.30000000000000004,769,0.011262049636026537
83,0.41543384923178,0.2679123107686094,0.30000000000000004,892,0.009795054483021122
84,0.5145366412767258,0.4726590022641525,0.30000000000000004,298,0.004381717373974313
85,0.5779324006507366,0.45900077663508404,0.30000000000000004,377,0.0029576588098443103
86,0.5309858852200069,0.4079943106951938,0.30000000000000004,464,0.0066902270820229405
87,0.48926101003318756,0.3225568909516629,0.30000000000000004,702,0.014376570676833766
88,0.4434080345168587,0.4268876641463404,0.30000000000000004,720,0.009641946413461833
89,0.3772323056771553,0.3657427826756087,0.30000000000000004,360,0.0027706644674941033
90,0.4555418868506226,0.4908180788585716,0.30000000000000004,490,0.0009503459355989517
91,0.33568713813851087,-0.41635002664084375,0.30000000000000004,250,0.01517920870155898
92,0.27468465515060486,-0.3451957457972714,0.30000000000000004,463,0.004845598862104247
93,0.24668077364209498,-0.4548875730675806,0.30000000000000004,556,0.00671410126298334
94,0.25867558567115784,-0.3853916847540394,0.30000000000000004,984,0.0003420996874514532
95,0.3776568785102136,-0.26011228416531185,0.30000000000000004,9,0.004927886094387394
96,0.23226139937114393,-0.2808245504269984,0.30000000000000004,507,0.005659999654618584
97,0.3195250869856313,-0.17570327831812912,0.30000000000000004,645,0.008529583807994047
98,0.29188158027600314,-0.2525973817505935,0.30000000000000004,830,0.00670274211215559
99,0.3456673632478708,-0.322324709319146,0.30000000000000004,102,0.007457471701459632
100,0.3503318659545119,-0.017127047440371135,0.30000000000000004,8,0.009531814251971468
101,0.3897647893805978,-0.09623454875587865,0.30000000000000004,216,0.0077445062724747285
102,0.281969137126172,0.03008947544574392,0.30000000000000004,625,0.004508301876827384
103,0.2664847234030993,-0.07850414707368174,0.30000000000000004,642,0.013719764703159358
104,0.27793990706352273,0.07724941305919453,0.30000000000000004,695,0.0063851468534758034
105,0.3610133863637367,0.05697334146224312,0.30000000000000004,940,0.0018160893441687594
106,0.2984387598432978,0.2854308317641425,0.30000000000000004,67,0.01639609905353553
107,0.378601884140418,0.14518832961734857,0.30000000000000004,472,0.012537218533246406
108,0.2264594497816983,0.13060241263867486,0.30000000000000004,616,0.0029377969236408998
109,0.295885028976325,0.14420684019697638,0.30000000000000004,956,0.00842791465328823
110,0.19457792294835224,0.18115269645380386,0.30000000000000004,81,0.007410234369373694
111,0.37139967963581144,0.4489260767590748,0.30000000000000004,63,0.007768506713901774
112,0.18016538014889127,0.34425817726925984,0.30000000000000004,810,0.011109553708983973
113,0.25111332786400703,0.39706329135696095,0.30000000000000004,824,0.007305458617586396
114,0.3312218877568268,0.38255349783160175,0.30000000000000004,391,0.0018083828135859673
115,0.2173121131565327,0.4664415204108442,0.30000000000000004,600,0.006412039959924087
116,0.2966354014368669,0.44561335322756196,0.30000000000000004,631,0.005333695461673333
117,0.06668078667557306,-0.36609977595939497,0.30000000000000004,149,0.011813557508454078
118,0.038398919227144085,-0.46417046663266026,0.30000000000000004,222,0.005510986652613237
119,0.1947309874124523,-0.4212581176916357,0.30000000000000004,344,0.0072807965223676985
120,0.1800718345971151,-0.3351080648906135,0.30000000000000004,520,0.009817219302728195
121,0.12925262986619152,-0.3845482502706294,0.30000000000000004,579,0.0010622946682335304
122,0.1594813995227302,-0.4896202247850752,0.30000000000000004,611,0.002027552566872954
123,0.13314996019585024,-0.4364340286388676,0.30000000000000004,802,0.002747402242620457
124,0.10183254740508306,-0.4501483797153792,0.30000000000000004,993,0.0037250048617498074
125,0.1143960475703818,-0.3380174549226073,0.30000000000000004,19,0.0016299952348745208
126,0.07506014752434044,-0.21703103735595522,0.30000000000000004,454,0.011829814539773085
127,0.0396799287530151,-0.13014203299045052,0.30000000000000004,580,0.00987463739798762
128,0.1907127543462567,-0.20759966580339193,0.30000000000000004,916,0.014172727995002916
129,0.04247325019806,-0.2842040015214041,0.30000000000000004,285,0.004110683982766358
130,0.10544103227005414,-0.29232349660716855,0.30000000000000004,373,0.0017852399528509094
131,0.2057309643965625,-0.006277001405384874,0.30000000000000004,44,0.005266755402238782
132,0.06062257296302979,0.017413158827513573,0.30000000000000004,301,0.009155434980658373
133,0.1324451208621664,-0.07847487198172859,0.30000000000000004,578,0.013023737084427122
134,0.08986693436179163,0.09210273095282862,0.30000000000000004,857,0.006756105718526976
135,0.13465661814712926,-0.010897501655991876,0.30000000000000004,920,0.003151159799326873
136,0.1718732991603868,0.07404394705735459,0.30000000000000004,964,0.010304606632256724
137,0.0340573592124597,-0.049547966931159246,0.30000000000000004,357,0.0036413509931090176
138,0.11735566477380555,0.14913793137882667,0.30000000000000004,26,0.0020457906784876207
139,0.07074596347222233,0.2378891602778182,0.30000000000000004,491,0.0037931622068138795
140,0.058328326945372856,0.18365500703401616,0.30000000000000004,670,0.005687988336851994
141,0.014736121013704528,0.23090376347303937,0.30000000000000004,764,0.0017454418514822366
142,0.035349359843604364,0.11817030232068707,0.30000000000000004,777,0.004897087076193658
143,0.023653863406620568,0.27052686443575596,0.30000000000000004,900,0.0019224178184755836
144,0.12692819711365153,0.2601603101014223,0.30000000000000004,928,0.00016956978191192432
145,0.1677852908789308,0.2603453796724606,0.30000000000000004,989,0.006758121983551103
146,0.1264450882571974,0.21733481943064883,0.30000000000000004,918,0.002996637718465267
147,0.11753784064578764,0.4191093483280021,0.30000000000000004,291,0.014701597991677329
148,0.0910894975474,0.30933613123237,0.30000000000000004,406,0.011662590187201177
149,0.026271175394033286,0.47456823158458533,0.30000000000000004,527,0.0029028008657773024
150,0.13149050056679232,0.35952500918189045,0.30000000000000004,627,1.2911675330913596e-05
151,0.02860943985550604,0.40191847043805384,0.30000000000000004,654,0.005320819162122025
0,0.8240517340317247,-0.4043275835554197,0.4,417,0.014736998666962034
1,0.9849264499631848,-0.37019470725763554,0.4,37,0.003242317197175675
2,0.9390596617083068,-0.4083891247319196,0.4,833,0.017998373545992506
3,0.905100065009684,-0.19685209127790992,0.4,263,0.008130726202134482
4,0.9669488036511974,-0.1173545203471616,0.4,309,0.0034635403708425877
5,0.9562226281682905,-0.2938454761680706,0.4,405,0.004319068680686253
6,0.9269842361414689,-0.26121554266698244,0.4,467,0.0002489769022850753
7,0.9101073252471084,-0.11484745175083921,0.4,495,0.003962094159340687
8,0.8831301373405575,-0.2935626333115045,0.4,604,0.007236252363015158
9,0.8163608754343411,-0.22323814112249205,0.4,83,0.007355171861293818
10,0.8226155034843009,-0.14496108201607472,0.4,599,0.006470482290010309
11,0.9627242610373731,-0.21498652024408327,0.4,880,0.007048779204138306
12,0.846066461757708,-0.07602286055029962,0.4,106,0.00828844448276941
13,0.7825970255588812,0.11801622233330061,0.4,244,0.0002152621347178826
14,0.8616516274160083,0.013580464767786562,0.4,318,0.012549081637822581
15,0.9153869855019557,-0.06419089716203218,0.4,867,0.002091784995834168
16,0.9569324849020988,-0.017395838025890675,0.4,886,0.011133306565320506
17,0.8384250470166889,0.11705444590560117,0.4,212,0.009170118285530066
18,0.901217832836104,0.22654769036640213,0.4,230,0.00029467430330523323
19,0.9369412164621,0.14505420719251053,0.4,560,0.015366709816880233
20,0.9305133598006747,0.253315764844826,0.4,70,0.009752937703345793
21,0.8287554287528497,0.21806065428801275,0.4,622,0.013399141343944208
22,0.9553497876964878,0.45120855231416135,0.4,91,0.007488219825851567
23,0.9175943393606217,0.3346456323203109,0.4,297,0.011690034330716243
24,0.8680064053454443,0.4730934095817695,0.4,700,0.004600993650292408
25,0.8896422138080411,0.383202197667906,0.4,55,0.0051452803595313104
26,0.8159647118532117,0.4165612266732797,0.4,910,0.01184632378295019
27,0.6267329770328103,-0.4748942291371593,0.4,692,0.005041792944452879
28,0.7767264027563969,-0.4802422605807517,0.4,736,0.0033008551109184507
29,0.7381273610509089,-0.4275194549453543,0.4,770,0.00607049126812443
30,0.7161453335719384,-0.3243415968067543,0.4,178,0.010748123497287692
31,0.6424835164573034,-0.39602298195897784,0.4,192,0.012378183004416943
32,0.7066906230630077,-0.48585764174127527,0.4,679,0.0018665818082207876
33,0.7875516434287755,-0.29176214717873156,0.4,363,0.007176111359667203
34,0.6378858468738137,-0.2835469837163757,0.4,841,0.0028249311177871864
35,0.6649375089925659,-0.14207718948307854,0.4,200,0.007566935542079982
36,0.7226440922512103,-0.2009316810741605,0.4,635,0.013305848263349317
37,0.7733290941820342,0.04626032144710732,0.4,725,0.008217044189247055
38,0.7195746413777714,0.11511171463031337,0.4,935,0.013592298893857987
39,0.6611205101859752,-0.003286555700354986,0.4,254,0.012951794681727148
40,0.7531022314123816,-0.07143667027982192,0.4,655,0.007301706958446452
41,0.7853126400572076,0.2699962782798578,0.4,337,1.7461162703825396e-05
42,0.7570010751515245,0.22640700453120705,0.4,661,0.0063734077349581805
43,0.6962109776702031,0.27237668301785983,0.4,970,0.011068747647858318
44,0.7729287976327441,0.27169324663996536,0.4,978,2.35582708611414e-05
45,0.6597267797243199,0.19943177861667202,0.4,687,0.004518351179733902
46,0.6360472257210641,0.4671068054018785,0.4,269,0.004045766085369976
47,0.6386484888649473,0.3932965259881455,0.4,324,0.004075816746175896
48,0.5830648408190783,0.3844953079215007,0.4,479,0.006393911087065551
49,0.6868734367870502,0.35469653241303645,0.4,757,0.007653995539907885
50,0.7908627235470018,0.31377954616805326,0.4,858,0.009488150385948657
51,0.6112558019981613,0.30883199847352166,0.4,168,0.0028376010326354884
52,0.7467625593993314,0.4783147136585937,0.4,818,0.006168247159876687
53,0.7140667220283573,0.4247013078450717,0.4,865,0.005483678402271154
54,0.610010584190754,-0.33159977767650145,0.4,99,0.0009541060909628524
55,0.5545316895712321,-0.3675894232468161,0.4,498,0.00781468223422001
56,0.5961603823814806,-0.3260691505609847,0.4,832,8.450979080692679e-05
57,0.4517036448705337,-0.3798628223394244,0.4,969,0.003133444477359388
58,0.4547321526140969,-0.3286833038872907,0.4,347,0.004127788789413946
59,0.5421460982432691,-0.49844911617235416,0.4,429,1.585708436975524e-05
60,0.571932329064768,-0.45673383648698196,0.4,644,0.0013958330413226258
61,0.42820402228771187,-0.43358699354688196,0.4,817,0.010767847164000942
62,0.5203059563859381,-0.4530580182244439,0.4,866,0.007860099733196313
63,0.46672499409770324,-0.26298124699265946,0.4,35,0.004830821539753398
64,0.5327902742050974,-0.21579416115424316,0.4,313,0.0031122601275958496
65,0.5629212829410282,-0.29711536038957936,0.4,502,0.009609902115747802
66,0.48051512981459554,-0.18076493099341673,0.4,536,0.003433961984599721
67,0.4075689634019057,-0.16653431426685786,0.4,778,0.003274777239107713
68,0.4424466148855174,-0.21620461069725597,0.4,954,0.004492964791030372
69,0.5284765491699955,-0.13298752850111076,0.4,587,0.006618669865623105
70,0.41930668713462904,-0.2940483329376047,0.4,697,0.00017965779740813345
71,0.44990315061546227,-0.10666660601973128,0.4,704,0.007582121763718199
72,0.5995307305286103,-0.19672971332408254,0.4,945,0.010530300154872791
73,0.39822895432318167,-0.244769510142587,0.4,999,0.003770387350220911
74,0.5312270438541442,-0.025048659236505552,0.4,146,0.011321263121267374
75,0.43647122306695274,0.0054980193722262705,0.4,303,0.004794068417118234
76,0.594424126490432,0.04513153774850026,0.4,461,0.002692040008431271
77,0.43761011570521435,0.0705181833638433,0.4,826,0.010200836606278641
78,0.4196550865864565,-0.045008550014348725,0.4,449,0.00453445229899708
79,0.5393920633143526,0.07037463898479421,0.4,457,0.00644594252203007
80,0.6071216141919991,-0.08534245353764029,0.4,835,0.005825615951190997
81,0.6182249573370513,0.26739372221911273,0.4,227,0.00028933994413438526
82,0.5469260006466471,0.22255540398478926,0.4,241,0.01815748128991567
83,0.5891378045982121,0.28923148456902514,0.4,362,0.0003468150727042647
84,0.5153871600691999,0.1296475617063955,0.4,769,0.002275897922157325
85,0.4221948006353174,0.250484028542596,0.4,6,0.004700450034904902
86,0.6044521382103643,0.11581827695054756,0.4,709,0.006529460501137887
87,0.45264088403930974,0.1677699481992159,0.4,752,0.008640883381147362
88,0.4752543911190288,0.25015427126685547,0.4,899,0.0001520064550045859
89,0.5514438930551312,0.45113247210879004,0.4,377,0.007714702089404924
90,0.5087984333850463,0.40039173624279206,0.4,464,0.0010208050903420596
91,0.5012911785288713,0.3078119894374157,0.4,702,0.015119701703855737
92,0.413521274813721,0.38645142157783113,0.4,360,0.014425427880888244
93,0.4638123078904481,0.45166510154417144,0.4,490,0.008424578911287723
94,0.48942463734988584,0.40937925354737464,0.4,735,1.0975369659842393e-05
95,0.38374692385408754,0.28618214428366373,0.4,811,0.0002898355020761994
96,0.3250145437257364,-0.4336326581560801,0.4,250,0.011048110296537888
97,0.20878795605712624,-0.2751680520422841,0.4,463,0.0010518011087048116
98,0.24508646058429467,-0.4703142010042054,0.4,556,0.004742525399600086
99,0.2508222879363203,-0.32632385459152596,0.4,984,0.007439728656704793
100,0.24143857233977453,-0.39944316596492196,0.4,355,0.003983246321485657
101,0.2927248037810449,-0.37825529915558354,0.4,397,0.00244148133334294
102,0.31924411329365593,-0.16674667871357918,0.4,645,0.012375712570001314
103,0.260474305218426,-0.2427307781445108,0.4,830,0.007226210781608476
104,0.36268233541969636,-0.32187125452108206,0.4,102,0.014365841869920456
105,0.25681252814124217,-0.19185640524287884,0.4,195,0.0002893263694538883
106,0.3470797956414808,-0.06381219364070448,0.4,8,0.003423561531746655
107,0.3798430533675224,-0.10444284867885978,0.4,216,0.0022128346985533596
108,0.26116450782069445,-0.0988132285308678,0.4,642,0.006218265660207545
109,0.26244119793538506,-0.02558253170724925,0.4,50,0.010664972103677572
110,0.3511162175942545,0.017735379336849964,0.4,511,0.006257671118433488
111,0.3036501952971255,0.3043738367862967,0.4,67,0.001457637634644398
112,0.3732797582772511,0.16807633770365688,0.4,472,0.009699027251773991
113,0.2641664004829902,0.07305929812026243,0.4,616,0.011410667202958863
114,0.3206172621156928,0.11899493540162691,0.4,956,0.006960414098771289
115,0.24206500104309045,0.28341044732184173,0.4,34,0.0033575352109705033
116,0.2002379884097843,0.1651440847241184,0.4,81,0.01106265130229783
117,0.31309574914220106,0.2500908156501407,0.4,574,0.010421137188772423
118,0.3778358722901413,0.4808602980469021,0.4,63,0.0007969306400317283
119,0.19884100498752974,0.33161824069204127,0.4,810,0.010033581039273896
120,0.309794399531766,0.3625070331474854,0.4,391,0.010845537401352533
121,0.1557886259797215,0.4936441957932917,0.4,487,0.0002524367504962407
122,0.21255003892806892,0.4432157007614923,0.4,600,0.012400752883260794
123,0.32680617165655673,0.4610047895486372,0.4,631,0.007481868672058392
124,0.3585029335794795,0.3000856868539099,0.4,676,0.0006170586007659751
125,0.0476219011516296,-0.37714824251668383,0.4,149,0.010088226751204118
126,0.017628895892259328,-0.47591269093498934,0.4,222,0.0017006779786974799
127,0.19703703416675025,-0.4440351722638992,0.4,344,0.0046145677879054405
128,0.19982531726839434,-0.4982424949044094,0.4,611,6.662133929256186e-05
129,0.1601609500451308,-0.46138935496057387,0.4,802,0.004076490450875956
130,0.08978179950492529,-0.4506449509809842,0.4,993,0.008248933825711388
131,0.15819746137972895,-0.34812678476890296,0.4,19,0.01002584198240592
132,0.09896834483953386,-0.18372637241972822,0.4,454,0.007837406408280252
133,0.012411718046246589,-0.2090547121779663,0.4,580,0.0006313824216199789
134,0.17558865448784208,-0.23801045854878808,0.4,916,0.005390664121052495
135,0.19822140626931772,-0.16351152827300153,0.4,41,0.008735328669980816
136,0.04417761420971726,-0.2679307453945812,0.4,285,0.007661235045257694
137,0.007486929360222966,-0.2744019491651867,0.4,327,0.0016595149788142974
138,0.11207019464608066,-0.2840458503700357,0.4,373,0.005459028814747749
139,0.13374235381032537,-0.14186264145310482,0.4,653,1.236791695831135e-07
140,0.0456471976281841,-0.13530267968691695,0.4,683,0.009150933981311256
141,0.14171129058822513,-0.079351846711349,0.4,578,0.011577184192868267
142,0.10746014911638242,0.07666683206070322,0.4,857,0.010937816386869763
143,0.17807704449146136,0.04532982355294542,0.4,964,0.011121552314448675
144,0.03940405719799809,-0.012282740724024643,0.4,357,0.010615155262559345
145,0.025684247337772526,0.22307386662397635,0.4,491,0.0015960724414697447
146,0.0306983041639593,0.18171321348582123,0.4,670,0.0032627738501716397
147,0.028937785550933383,0.28152572928236,0.4,900,0.004958479637681236
148,0.14007958674495322,0.28894511411140095,0.4,316,0.001347164998864496
149,0.10246182702601617,0.2130564518293282,0.4,918,0.009993711269769365
150,0.04116828417489715,0.11206283711466034,0.4,929,0.007390819442450154
151,0.1846759535771582,0.2520471674256582,0.4,990,0.005345717285977089
152,0.11373496877320187,0.43566477436912265,0.4,291,0.013436461779235739
153,0.09404142396440905,0.32186575315996024,0.4,406,0.007800765298851424
154,0.024675689059065076,0.3838526784943402,0.4,654,0.0068104527610420625
155,0.026793362054170544,0.47476434567142606,0.4,869,0.002681310197101798
0,0.8204466745162294,-0.38177309295531997,0.5,417,0.0028110696532401384
1,0.9692179549242945,-0.36515344738778116,0.5,37,0.00897767929135832
2,0.8238317468077911,-0.45432142808260456,0.5,188,0.010846947349709852
3,0.8908777940708379,-0.3926296833678712,0.5,584,0.005802237580386286
4,0.9219635637236117,-0.33172957677350184,0.5,595,0.00045473970682246217
5,0.9369649714508979,-0.4193555851997906,0.5,833,0.0065735920580507826
6,0.7969610439331329,-0.23897040457298155,0.5,83,0.011263068765929552
7,0.8330954512644584,-0.3326173170668651,0.5,288,0.003449234595242674
8,0.9368503699980619,-0.21631668513468175,0.5,409,0.010018351896790907
9,0.8924710811917297,-0.2815145092678111,0.5,416,0.011134527097650853
10,0.8400631549321632,-0.14429964808267995,0.5,599,0.008404086675186192
11,0.9888960102417974,-0.19011107231027072,0.5,880,0.004773398634093687
12,0.8497205828384319,-0.052970136462393444,0.5,106,0.0010853132625445157
13,0.8485445542704358,0.012264474009626844,0.5,318,0.008865518778331746
14,0.913236552308681,-0.08615559114386512,0.5,867,0.01077363056900377
15,0.9627077426392768,0.002825629238316688,0.5,886,0.012607367443121619
16,0.9897379752447114,0.07870626231422766,0.5,560,0.00025482840823419425
17,0.9480118205479284,0.3040077882998588,0.5,70,0.008138362653450285
18,0.8506787452583757,0.2836355791112406,0.5,86,0.005029894377408141
19,0.9066134422312878,0.2249658085276108,0.5,396,0.0011560342855651184
20,0.8508401104666032,0.09298170850681248,0.5,444,0.011468926743685054
21,0.965061738784695,0.24753978894779102,0.5,535,0.004245450568784996
22,0.9436750955584442,0.14474046633163176,0.5,884,0.014319600594800499
23,0.8003347659217589,0.20256790383661316,0.5,987,0.01851925665841068
24,0.9983061054489414,0.4915287410355422,0.5,91,1.690552789774213e-05
25,0.9871704877508476,0.37484836988239834,0.5,297,0.0007718511882577629
26,0.9444977541513735,0.42074790852263755,0.5,55,0.021173772591267303
27,0.9925837007174648,0.49671693356649504,0.5,814,0.00010654049913333925
28,0.8088284682169805,0.40957948826024343,0.5,910,0.016951903233705594
29,0.7514325645840874,-0.4203687160435782,0.5,770,0.003994723145153854
30,0.7112096447704181,-0.31641097676505114,0.5,178,0.01731602228460673
31,0.663481963500945,-0.40861621961881794,0.5,192,0.008210749493571637
32,0.7898577671575239,-0.36972261699872716,0.5,455,0.0015618951652536578
33,0.7156628696417668,-0.4761658354800831,0.5,679,0.006150732412344301
34,0.6687875041563857,-0.17284368353136054,0.5,200,0.014212078654834736
35,0.6294977612338176,-0.28135957123539324,0.5,551,0.0017838691801164036
36,0.7416394002230543,-0.1906936844936486,0.5,635,0.0048177957164280485
37,0.7740311201515515,0.051022980494532535,0.5,725,0.0019195777637743888
38,0.7432029206832599,0.10558382193234472,0.5,935,0.006240802217507008
39,0.6468762656629895,0.08861085593478842,0.5,22,0.007531756836316203
40,0.6496646202021339,-0.03283276117223312,0.5,65,0.007679231037365861
41,0.68722968271597,0.028442110123405823,0.5,254,0.008473867480807366
42,0.7668216282802801,-0.05880131826949711,0.5,655,0.016852973214660394
43,0.732413032923273,0.2853570430074833,0.5,970,0.0020752244739199706
44,0.7426878977659666,0.1471325856598684,0.5,116,0.0002569481597990211
45,0.6792946695592168,0.19608250158601917,0.5,687,0.017905501682010716
46,0.6201945508905014,0.4698977845294426,0.5,269,0.0023070461288813866
47,0.6318478822740566,0.4202581862779541,0.5,324,0.0022856459839506113
48,0.5837558271131644,0.4138023531613813,0.5,479,0.002470292081216434
49,0.7664601246494954,0.3072117683420576,0.5,858,0.0015110047440562708
50,0.7182001919018474,0.3803710228735108,0.5,85,0.00927441572744506
51,0.6147131094309007,0.3255322759645317,0.5,168,0.017171506806639536
52,0.7310245415184133,0.3137578514654844,0.5,228,0.0003783630028875302
53,0.8010374151607874,0.48934865075341033,0.5,596,0.00016048582149791524
54,0.7275067753700416,0.4689640728589916,0.5,818,0.007715822763688878
55,0.6628776846414497,0.43965395729799983,0.5,865,0.0024067109992277564
56,0.44917966909201723,-0.3561153912830357,0.5,347,0.007034470728128293
57,0.5188275923144937,-0.4600487411027775,0.5,429,0.0057740058593505166
58,0.5284764986120967,-0.3854616351886586,0.5,434,0.010370665682508296
59,0.6052577272858995,-0.45018433613357445,0.5,644,0.006632642853669267
60,0.43159839639956105,-0.44394475773239145,0.5,817,0.010647271989496256
61,0.48354531775428483,-0.43704962616654913,0.5,866,0.00024952636228794316
62,0.6104938308901405,-0.35061780628921313,0.5,948,0.0029085982411132996
63,0.48074401986939996,-0.2819246299009471,0.5,975,0.004291884218317591
64,0.46871119684364543,-0.22609036710101543,0.5,954,0.0005973006403847083
65,0.5506605438871269,-0.27281312424010856,0.5,139,0.011231623874162846
66,0.4562223572430209,-0.15739517438133538,0.5,233,0.007138920482285955
67,0.5083522732601955,-0.2045767705397616,0.5,460,0.002359139553171331
68,0.5257402123623122,-0.14128765343896943,0.5,587,0.005681087449755574
69,0.4030324517557403,-0.3051463369416515,0.5,697,0.006295594159375892
70,0.42076224401292983,-0.10824868791724451,0.5,704,0.0035004258102548603
71,0.5898682654970461,-0.19685888573672483,0.5,945,0.0068194233996595
72,0.39060028225515386,-0.2220743391270275,0.5,999,0.009491452221968982
73,0.5063965663687191,-0.008449798813340209,0.5,146,0.000784648207809177
74,0.4494836761025757,0.05708183107420097,0.5,826,0.005460627929155831
75,0.4903114224555087,-0.06738159634345083,0.5,376,0.0030087964419575394
76,0.44521471502177423,-0.03215638878831599,0.5,449,0.008222062999177025
77,0.5366569323588534,0.04482897859794355,0.5,457,0.011973203309161472
78,0.473679563435651,0.09223254228632916,0.5,748,2.3270115007358088e-05
79,0.5720806262897872,-0.06809686051910221,0.5,835,0.014475066422033073
80,0.5627968530467071,0.21959757052253037,0.5,241,0.006103727657724998
81,0.427160416370572,0.22860565179164472,0.5,6,0.0071300217613507735
82,0.5722203386745541,0.1341742575850578,0.5,709,0.007913094026614246
83,0.43728114350792474,0.132923706750962,0.5,752,0.01397620307124075
84,0.5778054062336854,0.27690020635474705,0.5,856,6.367635437280418e-05
85,0.510559520981793,0.27696004556756354,0.5,899,0.01311430694002154
86,0.5734656293390682,0.4653963169822568,0.5,377,0.003293650887719277
87,0.5114444331905201,0.34234930818285336,0.5,702,0.0007850844089527304
88,0.42771639168939013,0.39291953899609416,0.5,360,0.00912891789790252
89,0.4422271656070727,0.47588356467657994,0.5,490,0.0025591321078872226
90,0.5158648182005713,0.41710542646456517,0.5,735,0.013507801543718327
91,0.3978584816515036,0.29687168358962546,0.5,811,0.006490897338919795
92,0.3209817210381361,-0.4673953080597066,0.5,250,0.003609740882454638
93,0.2450355525979727,-0.4903802562645338,0.5,556,0.0014158281585111825
94,0.3171979088557819,-0.2989036793331574,0.5,175,0.003519179153302272
95,0.37731041797348724,-0.38903130536601854,0.5,217,0.004303763915298367
96,0.2285176931454992,-0.4144912585575869,0.5,355,0.010462074494294682
97,0.3149318064689179,-0.3825722077714711,0.5,397,0.009007026449021138
98,0.2648003809358671,-0.3300092199307827,0.5,538,0.0015270410270961268
99,0.33435830715732984,-0.1638809711090089,0.5,645,0.0031269665851110144
100,0.22986367782088665,-0.282785640824552,0.5,4,0.009138032381839297
101,0.3458736141140086,-0.30358123617185223,0.5,102,0.0024781189246234894
102,0.2920602060368981,-0.19217309300558713,0.5,195,0.009839039700968855
103,0.3777350802084347,-0.14983289518554183,0.5,862,0.0020559418220424267
104,0.23775102365668066,-0.05352441233197367,0.5,50,0.013917772413801788
105,0.33992522724845686,-0.10024078591313774,0.5,477,0.006737580272390298
106,0.3535894958866663,0.028565152250365815,0.5,511,0.013637402010600978
107,0.34685048262704604,0.1291136040836679,0.5,472,4.052971016507089e-05
108,0.26779906459514163,0.08122263618337314,0.5,616,0.010915396475278743
109,0.33849004604054217,0.11823226934395627,0.5,956,0.0017381162484421762
110,0.22059343602220902,0.32308459997614375,0.5,34,0.012762427736005283
111,0.1977687323370449,0.14952780192965126,0.5,81,0.008220176655265714
112,0.3583889497096369,0.18989094746703214,0.5,534,0.0047421775798932135
113,0.2999965274803239,0.21881903652039464,0.5,574,0.01272150162195529
114,0.38192074380026425,0.47294581675728986,0.5,358,0.003020311537410188
115,0.31290889046851206,0.4123926768008737,0.5,391,0.009920574650078073
116,0.1942036366719333,0.4507893740989582,0.5,487,0.01272569888017364
117,0.23605908262123415,0.40163403855617386,0.5,600,0.0014829485154735271
118,0.3064758612247653,0.4692058091678035,0.5,631,0.003972822049692539
119,0.33923702778065423,0.3398631948316577,0.5,676,0.007413942407145919
120,0.04853571689412869,-0.400596009248057,0.5,149,0.006585965004569397
121,0.21309901871778805,-0.48365834389512025,0.5,344,4.145913910387329e-05
122,0.18929849669998577,-0.48449652364534973,0.5,802,0.0018985826806036362
123,0.1044874705846233,-0.46586678488956645,0.5,993,0.006119149857956223
124,0.140749349515221,-0.34436364237649797,0.5,19,0.005212836817008516
125,0.144814067639302,-0.415938339424076,0.5,30,0.009331576796461943
126,0.034429781991885594,-0.478944271203078,0.5,94,0.0030858707327067747
127,0.07343963597194203,-0.3578066577150711,0.5,310,0.0006225108816051987
128,0.18820812897120276,-0.1921493126856828,0.5,41,0.01053344210656634
129,0.06516479008999887,-0.2756476942868099,0.5,285,0.0047743958658595115
130,0.09706444468096968,-0.20943001073756098,0.5,319,0.003851716463572688
131,0.028720432627743108,-0.30107825829720186,0.5,327,0.007161013178840906
132,0.12960534009655603,-0.286604027457178,0.5,373,0.007524791006053278
133,0.1295276498833104,-0.11149716301166553,0.5,653,0.010435898776189475
134,0.048668126291105215,-0.13970319187710387,0.5,683,0.009223828401691784
135,0.030914002056458955,-0.20503707291663403,0.5,708,0.0017824743299263892
136,0.140193179514633,-0.06431032829835368,0.5,578,0.001260453768083938
137,0.0743495881944924,0.03200301743499708,0.5,857,8.281718125345159e-06
138,0.04825486390199838,0.05877630311714699,0.5,240,0.005914410980603727
139,0.0723068445249762,-0.026785696283796536,0.5,357,0.010950891975726632
140,0.16590465588527736,-0.0016132518950028208,0.5,601,0.009975332725293396
141,0.10935289578680985,-0.07622286531397766,0.5,619,6.833220266442624e-05
142,0.1258708159502117,0.0656342092406536,0.5,895,0.010239522496310676
143,0.015329125545220057,0.2819843192996448,0.5,900,0.0024209806258584064
144,0.008219175125251,0.23430987667826375,0.5,12,0.00039891254210837817
145,0.09637740950002573,0.296867436453587,0.5,316,0.014028983121619347
146,0.01199790226263997,0.2002102418094134,0.5,500,0.0011146467191855444
147,0.05883247135495847,0.21324921818248085,0.5,918,0.0072823316814713285
148,0.07409566133988406,0.1423187488597592,0.5,929,0.009127454765962727
149,0.17152213864341745,0.205988015254967,0.5,990,0.008155695112715324
150,0.029584384808598374,0.363900173489632,0.5,654,0.004164826646480969
151,0.19200138741141523,0.3753413388920027,0.5,606,0.0005949138568721385
152,0.12539294213881735,0.3889978579296252,0.5,722,0.011324032831385406
153,0.05778891289243868,0.4586681046184108,0.5,869,0.008634995319837142
0,0.9956163392818449,-0.3700494644499816,0.6000000000000001,37,0.00024146917615378726
1,0.8197974914420124,-0.4444682955990068,0.6000000000000001,188,0.009472659027127685
2,0.8983031851419246,-0.4250039101184176,0.6000000000000001,584,0.01047639163647128
3,0.9370254715562195,-0.3392836222473815,0.6000000000000001,595,0.00990934867460486
4,0.97602021024474,-0.42853772808621915,0.6000000000000001,693,0.006424158183230218
5,0.7632398335999794,-0.4657994020537866,0.6000000000000001,743,0.002240318210118278
6,0.7613341081452976,-0.2063906892182366,0.6000000000000001,83,0.0034601356466459634
7,0.8925529244690175,-0.1876833261554991,0.6000000000000001,98,0.0008472479853651591
8,0.8069516023845985,-0.24301640909620126,0.6000000000000001,130,0.0051812668348457215
9,0.8581745182812996,-0.13223026401254553,0.6000000000000001,142,0.012613196715219148
10,0.8041290975886585,-0.298915908670853,0.6000000000000001,288,0.008316267238870896
11,0.9489757406142197,-0.202093942600076,0.6000000000000001,409,0.012883896805751825
12,0.8702274055901956,-0.23648480781593847,0.6000000000000001,416,0.010369346124375074
13,0.9423301174540023,-0.0361226059515256,0.6000000000000001,17,0.015221474836040177
14,0.8174833473876839,0.02567790810726399,0.6000000000000001,87,0.012680888056511552
15,0.8472920909823428,-0.03669917077742152,0.6000000000000001,159,0.0026307000572056236
16,0.9624760600335975,0.0730870908317925,0.6000000000000001,231,0.008123288073927431
17,0.9942458118117644,0.020486571601911623,0.6000000000000001,886,0.00019332966740195513
18,0.8379718757662101,0.280511509368783,0.6000000000000001,86,0.010440377218781126
19,0.9851340578186104,0.1833166169481255,0.6000000000000001,375,0.0018456344967361865
20,0.9042335749446758,0.19890317033743163,0.6000000000000001,396,0.007641301029559422
21,0.8583796431242283,0.11681325184980133,0.6000000000000001,444,0.011442032933341624
22,0.9593584157685895,0.3048558808014426,0.6000000000000001,535,0.011893502356954156
23,0.9473640779806212,0.15151910531712162,0.6000000000000001,884,0.004555478635728607
24,0.7926176623926596,0.2092689781251429,0.6000000000000001,987,0.007812247759307117
25,0.9190664753374117,0.421079834764387,0.6000000000000001,55,0.008297639197123449
26,0.8445128760976784,0.34897191083870743,0.6000000000000001,353,0.010418821179463245
27,0.8765476345610889,0.4647680993492762,0.6000000000000001,703,0.00022980807877693633
28,0.9900342812212317,0.4137613825781123,0.6000000000000001,726,0.0007314798643895707
29,0.9215786464528464,0.4712905840412574,0.6000000000000001,814,0.006722417163391035
30,0.8287511842900706,0.42354340481551034,0.6000000000000001,910,0.0051038253958321286
31,0.7065447902512707,-0.30049492238528563,0.6000000000000001,178,0.0037672821351137278
32,0.6764673170435171,-0.4261045340402906,0.6000000000000001,192,0.00039463437030648246
33,0.7348270955168841,-0.3932414835913906,0.6000000000000001,455,0.012204773379593414
34,0.7073310472837671,-0.45887103211462893,0.6000000000000001,679,0.005764732930448388
35,0.8352180481593425,-0.3689386960124617,0.6000000000000001,756,0.0023094035555524363
36,0.7386455265957066,-0.4419193343257164,0.6000000000000001,897,0.00025858743954538073
37,0.6939081008625482,-0.16830550750728074,0.6000000000000001,200,0.010256590597699053
38,0.6908643787856041,-0.2801448873844901,0.6000000000000001,447,0.0032653092049731844
39,0.6244809808796382,-0.24653881970117628,0.6000000000000001,551,0.011873762391568945
40,0.6308370721078881,0.09215355023716103,0.6000000000000001,22,0.01193378362691297
41,0.6640702962542956,0.013437094241664806,0.6000000000000001,65,0.01352368654675394
42,0.6496744596269297,-0.08366576207514366,0.6000000000000001,492,0.0051822441663146
43,0.7728021939035011,-0.0872920607812091,0.6000000000000001,655,0.01271334607279572
44,0.7154567614174077,-0.0501160612181462,0.6000000000000001,808,0.004012864072770872
45,0.7452411609962022,0.11909042115706914,0.6000000000000001,116,0.012330099718897775
46,0.6539841000354109,0.2114086466690983,0.6000000000000001,687,0.014628579446374301
47,0.7078006821533284,0.4072967001455198,0.6000000000000001,85,0.0038965429446628035
48,0.7294498305124374,0.28526058875106447,0.6000000000000001,140,0.005783249774470172
49,0.6356121681250063,0.3493877724703433,0.6000000000000001,168,0.009584190465687476
50,0.7339702998995089,0.34596239020799674,0.6000000000000001,228,0.00885867082091678
51,0.7744117981254813,0.4665402584114246,0.6000000000000001,596,0.012153075364244094
52,0.7704303478200396,0.32053012558054605,0.6000000000000001,731,0.0007044094706141523
53,0.62441042293092,0.45755478252766985,0.6000000000000001,971,0.009131267812316154
54,0.6153489010958336,-0.4600725989049737,0.6000000000000001,62,0.006268782727347791
55,0.5110013940657877,-0.4744358733635754,0.6000000000000001,137,0.004641021859788486
56,0.5086770203911756,-0.40289295757340504,0.6000000000000001,287,0.009968412263343242
57,0.45736134575756415,-0.34719895934737266,0.6000000000000001,347,0.0025131546137223994
58,0.47546939601175736,-0.4594327958135773,0.6000000000000001,429,0.0006445588095465289
59,0.43646881083824435,-0.474085599443175,0.6000000000000001,817,0.0032581622194177875
60,0.6288424204888424,-0.37329618799979963,0.6000000000000001,948,0.012306201031157935
61,0.4783726648784191,-0.29770972647341637,0.6000000000000001,975,0.005098461092366419
62,0.5439290332773777,-0.27687469812729526,0.6000000000000001,139,0.008493284615065846
63,0.4574478731193833,-0.1586878911772847,0.6000000000000001,233,0.006342043814730483
64,0.47892547038617167,-0.2169398041634855,0.6000000000000001,460,0.0067711135379961065
65,0.6203906060705953,-0.14317247709014796,0.6000000000000001,593,0.004121079346386553
66,0.4068776264651749,-0.27707540312183887,0.6000000000000001,697,0.007504236782411722
67,0.5550107382984153,-0.15898154567630948,0.6000000000000001,922,0.006865618646109397
68,0.4173648839692642,-0.22641601693836455,0.6000000000000001,999,0.0014393832807406324
69,0.46658161297670436,-0.056728428241441184,0.6000000000000001,376,0.014972936188177926
70,0.4106167163346677,-0.04396021712066119,0.6000000000000001,449,0.0003183016191176939
71,0.5517813088198308,0.04505491887867013,0.6000000000000001,457,0.0034321036603068246
72,0.43355797119764583,0.07364080099677771,0.6000000000000001,748,0.01838111329232898
73,0.5731143824092023,-0.05760761447924637,0.6000000000000001,835,0.00690523946591721
74,0.42046094251456734,0.16551178039310876,0.6000000000000001,6,0.0003959489991131784
75,0.43706985871794984,0.19546331988686827,0.6000000000000001,414,0.004490982933524506
76,0.525183922395615,0.1566010194802382,0.6000000000000001,523,0.009764018440157724
77,0.4647249975373612,0.2232487628416666,0.6000000000000001,706,0.003108079793387426
78,0.5789331722312938,0.1204493077659996,0.6000000000000001,709,0.00200437694225519
79,0.43111939167150126,0.13877907122005267,0.6000000000000001,752,0.0011120108099173963
80,0.5706798833530696,0.28084824893095117,0.6000000000000001,856,0.009924902740405988
81,0.503981346080893,0.2866822397817228,0.6000000000000001,899,0.009907516963775788
82,0.4196691070788013,0.4008682879349682,0.6000000000000001,614,0.002870754417243498
83,0.4970774781456031,0.4246094608630044,0.6000000000000001,735,0.01277782633610748
84,0.40960748086889587,0.30694536352845375,0.6000000000000001,811,0.012724230397250047
85,0.5470640003743116,0.38771310000061876,0.6000000000000001,982,0.005768328313329053
86,0.32786002961756594,-0.3052484038250673,0.6000000000000001,175,0.007383240906207014
87,0.3812197624922527,-0.41467017025699704,0.6000000000000001,217,0.018106451263190014
88,0.23861254718576752,-0.4051508298593541,0.6000000000000001,355,0.0033491348277001924
89,0.29527550829536164,-0.40201488353461345,0.6000000000000001,397,0.0048599608450988424
90,0.2514497897029896,-0.33650698698666953,0.6000000000000001,538,0.005508432603345767
91,0.25816847283103816,-0.4694163619707808,0.6000000000000001,894,0.006839702131467371
92,0.26249583872594395,-0.18987624932052713,0.6000000000000001,195,0.009692225473398017
93,0.21054015185902641,-0.28159553402208054,0.6000000000000001,411,0.007623234122865792
94,0.36295599976725545,-0.1810477353836848,0.6000000000000001,862,0.01146097030263335
95,0.29214462466591407,-0.25973824611838153,0.6000000000000001,949,0.0023103030938062554
96,0.22903117343679097,-0.04540326175308672,0.6000000000000001,50,0.001423585263776698
97,0.2542543228802193,-0.10377420719668952,0.6000000000000001,143,0.005540114773641604
98,0.3256294717139858,-0.04152687613180188,0.6000000000000001,477,0.015057460777740912
99,0.3767980017539581,0.006895630732959779,0.6000000000000001,511,0.008331305015147887
100,0.23817237410585648,0.2724292914454341,0.6000000000000001,34,0.0058266673765309755
101,0.18635124482372314,0.14477476411977175,0.6000000000000001,81,4.7380213172251536e-05
102,0.38073457517180076,0.17611375851100886,0.6000000000000001,534,0.010991742141550673
103,0.26957719014737413,0.2206154509017686,0.6000000000000001,574,0.004064048896515602
104,0.3234484215879715,0.22892069839779006,0.6000000000000001,819,0.00594004640182593
105,0.2713390856867449,0.10885403501881315,0.6000000000000001,938,0.016402819575005854
106,0.30326163126499495,0.300998187877459,0.6000000000000001,256,0.004348701813812344
107,0.37132482213137746,0.46278247723360294,0.6000000000000001,358,0.009226478152783093
108,0.25598243007221294,0.35246006687814296,0.6000000000000001,415,0.005386327465123693
109,0.22983216770870732,0.4703745871759189,0.6000000000000001,487,0.009079505258477524
110,0.3434212531115999,0.38115644990175884,0.6000000000000001,676,0.007504456028593304
111,0.28548072965631477,0.42404515468287796,0.6000000000000001,879,0.004710788647038997
112,0.1647080282170249,-0.3909966416341283,0.6000000000000001,30,0.014274864757726847
113,0.17477903447147403,-0.4842987500372403,0.6000000000000001,68,0.0011325890326661075
114,0.07283458257029428,-0.4587105357158599,0.6000000000000001,94,0.010131149278514884
115,0.0646404130658712,-0.33597743376950934,0.6000000000000001,310,0.013199755690314717
116,0.07363390570885713,-0.4153775916312963,0.6000000000000001,903,0.0024519767581197955
117,0.10129485906154215,-0.2723203369977213,0.6000000000000001,36,0.0025245235011050536
118,0.21502741329912792,-0.14180678072261316,0.6000000000000001,41,0.0010142450891442061
119,0.11689928978412034,-0.2906548925675071,0.6000000000000001,75,3.952156584325494e-06
120,0.024408374558075152,-0.2791901823598134,0.6000000000000001,229,0.003095772443017726
121,0.1126710528170633,-0.21676458560789394,0.6000000000000001,319,0.005913299200609106
122,0.05379189664743367,-0.26829784397712786,0.6000000000000001,327,0.000130883168890921
123,0.13737677975785725,-0.2962653078450526,0.6000000000000001,373,0.0007244653271448126
124,0.15977317654810205,-0.14386552456636834,0.6000000000000001,653,0.008248576482873348
125,0.016830087340200944,-0.09585203823356346,0.6000000000000001,683,0.00150865271590481
126,0.04733972112138525,-0.1925128274656878,0.6000000000000001,708,0.010217598423841222
127,0.17691769143409683,-0.2288433859170694,0.6000000000000001,754,0.005520646747141288
128,0.041120709053539296,0.07367149418909734,0.6000000000000001,240,0.010538899296391782
129,0.02733181146053858,-0.03387711542678616,0.6000000000000001,357,0.003775999077476743
130,0.13892642041554684,-0.004705023771390528,0.6000000000000001,601,0.013734498652667439
131,0.12284621575508856,-0.08214809468921123,0.6000000000000001,619,0.013710740244782842
132,0.23987388179703553,0.02012795883105174,0.6000000000000001,828,0.002508844858325406
133,0.1609857327016931,0.10040006793934617,0.6000000000000001,895,0.011436764230210901
134,0.028554426303239566,0.2621797737385978,0.6000000000000001,12,0.006089166511852741
135,0.09438508135557018,0.15882598554006275,0.6000000000000001,253,0.004633066880625032
136,0.09987564283554316,0.2538028390570927,0.6000000000000001,316,0.011457671679801502
137,0.039267271942104956,0.17720895138422554,0.6000000000000001,500,0.00393537149445012
138,0.1834022009914329,0.30783088503442174,0.6000000000000001,762,0.0056142434140913034
139,0.181580601912937,0.19033604807488064,0.6000000000000001,990,0.008214237045831532
140,0.04377935039829384,0.3491790469808074,0.6000000000000001,202,0.006104767229457621
141,0.17356618013197836,0.34833815100045107,0.6000000000000001,283,0.00046680517717215145
142,0.19599937284812802,0.3878137250347568,0.6000000000000001,606,0.006365853584124851
143,0.11081368638293725,0.43937683938590155,0.6000000000000001,722,0.01139653444920793
144,0.1316816718366218,0.34201509578710193,0.6000000000000001,829,0.0030325586630317695
145,0.042871471180967485,0.47685006281411835,0.6000000000000001,869,0.0037882853029135386
146,0.03550532581577581,0.4242463933942362,0.6000000000000001,963,0.004042437543304351
0,0.8832349392027643,-0.44098336456916487,0.7000000000000001,584,0.005455456368214871
1,0.9160795804727283,-0.33718664775628737,0.7000000000000001,595,0.013440604131861088
2,0.9568782608828521,-0.4432186971946601,0.7000000000000001,693,0.009582933769277276
3,0.8181044778147488,-0.4584972513588574,0.7000000000000001,743,0.007987355515523464
4,0.904830384309552,-0.20994939003465873,0.7000000000000001,98,0.014724637699758219
5,0.8241567165495993,-0.24573934159851327,0.7000000000000001,130,0.005948358437044849
6,0.8286388062273339,-0.12777359109405803,0.7000000000000001,142,0.010180953117597986
7,0.7985445904718208,-0.30355124828886676,0.7000000000000001,288,0.003215543205351424
8,0.9857292330208289,-0.1713974410204672,0.7000000000000001,409,0.0015493436680612796
9,0.8704054871534952,-0.2952227021021403,0.7000000000000001,925,0.0017127976748359131
10,0.7974624070729711,-0.17579501744517959,0.7000000000000001,336,0.0016268902695910545
11,0.9763455232494266,-0.24691438159759466,0.7000000000000001,686,0.004986263549718362
12,0.9455965316744043,-0.06688569338165372,0.7000000000000001,17,0.014915570941785304
13,0.8077046299412733,0.036296647072828786,0.7000000000000001,87,0.013010445758935589
14,0.8193611299088781,-0.05951879102891421,0.7000000000000001,159,0.009789520990463844
15,0.9387296348438476,0.08462390079984417,0.7000000000000001,231,0.012750181095341906
16,0.7797769002362137,-0.010940925565708174,0.7000000000000001,557,0.0015723253803282874
17,0.8609209883760514,0.26242434563582195,0.7000000000000001,86,0.01101305706770276
18,0.9559506043334096,0.2100644475136304,0.7000000000000001,375,0.00710500045769568
19,0.8851384615608808,0.21883324720704272,0.7000000000000001,396,0.002000766187469271
20,0.9064984781320153,0.1677789993141878,0.7000000000000001,499,0.0073486386931271965
21,0.9605482373296903,0.2935937816647131,0.7000000000000001,535,0.005786756292266366
22,0.8335391648081186,0.15253452410911625,0.7000000000000001,633,0.011382808280372449
23,0.8402329218632616,0.33123286694087933,0.7000000000000001,353,0.003394251579190011
24,0.8429838683046311,0.39749825331408345,0.7000000000000001,703,0.00991896301819488
25,0.9384841383620007,0.36047656747595425,0.7000000000000001,726,0.009915925543236058
26,0.9220493103740356,0.46432192758149454,0.7000000000000001,814,0.00955015682139659
27,0.7198501521726954,-0.3590934852632518,0.7000000000000001,455,0.004877668479428078
28,0.8041629626770441,-0.37813219486031163,0.7000000000000001,756,0.010370514305224829
29,0.631278040040502,-0.45248422856757337,0.7000000000000001,848,0.006430351072031989
30,0.7134001514545968,-0.43789915957805414,0.7000000000000001,897,0.008450554589746738
31,0.6777479689173616,-0.4757429606844579,0.7000000000000001,236,0.0005359926733101699
32,0.6954860308516405,-0.29205381205240116,0.7000000000000001,447,0.01307947231742901
33,0.5990400708206973,-0.25268854593513385,0.7000000000000001,551,0.011818396374424972
34,0.7135755190354607,-0.15752480519471426,0.7000000000000001,714,0.01327356498550063
35,0.7639058472500923,-0.23037091574016433,0.7000000000000001,804,0.005143396417405635
36,0.5991705431226675,0.06907254082170552,0.7000000000000001,22,0.0027458878815336887
37,0.6113740537102597,-0.030395209790206188,0.7000000000000001,492,0.011281458594942288
38,0.7678540963226742,-0.11896241330296059,0.7000000000000001,655,2.677010937368756e-06
39,0.7349609227591458,-0.051831522378061004,0.7000000000000001,808,0.011091838644662079
40,0.6803715752838959,0.03314078760613974,0.7000000000000001,980,0.008242988440029552
41,0.720544204090607,0.16759737389965768,0.7000000000000001,116,0.01708537868452583
42,0.6637748342492911,0.20877383185426096,0.7000000000000001,687,0.00030332382073585215
43,0.6624075530248943,0.10383945606891314,0.7000000000000001,959,0.0072103031772339675
44,0.647258089882941,0.2502457910118795,0.7000000000000001,1,0.0033826836696073
45,0.7196114181674497,0.27959920163353813,0.7000000000000001,140,0.013448025847360644
46,0.6198640159012906,0.36313921376216696,0.7000000000000001,168,1.2754035652788882e-06
47,0.6467117787070026,0.374825258517387,0.7000000000000001,228,0.0024687884758305806
48,0.6622769747213288,0.42667898476126653,0.7000000000000001,386,0.0031019932972867576
49,0.7253533491386365,0.4669013970351864,0.7000000000000001,596,0.0015227140546231657
50,0.7496806035321778,0.4124515912398543,0.7000000000000001,656,0.008532330504395199
51,0.7284737504525824,0.35060345546400495,0.7000000000000001,731,0.007583034508122068
52,0.654324443994472,0.47518997048831696,0.7000000000000001,971,0.0078950719900273
53,0.7862860771593955,0.4698238022839034,0.7000000000000001,976,0.006565434572571274
54,0.5655658258137861,-0.4405536140180678,0.7000000000000001,62,0.00022271870971797076
55,0.5634068606498444,-0.47217270030161695,0.7000000000000001,107,0.003220995045578988
56,0.5100967539973237,-0.46962731347267733,0.7000000000000001,137,0.0032178759537734563
57,0.5137767331076264,-0.3938276026530069,0.7000000000000001,287,0.009650496668737065
58,0.6098858550094164,-0.3806386803301511,0.7000000000000001,948,0.009684176488477369
59,0.4737453296624252,-0.2960753132904376,0.7000000000000001,975,0.0021093679337986252
60,0.4535442933751626,-0.3590713572410233,0.7000000000000001,390,0.0056925863188895705
61,0.4523195906221706,-0.4698224422529865,0.7000000000000001,471,0.0018360562339775515
62,0.5172210213012156,-0.28177162144265633,0.7000000000000001,139,0.004162307750054769
63,0.442464944010462,-0.20691881555508349,0.7000000000000001,141,0.01260122083622226
64,0.490972761871935,-0.23047561148225082,0.7000000000000001,460,0.0020992070279378526
65,0.5935783795904586,-0.13259122130008402,0.7000000000000001,593,0.010019536896826206
66,0.4352452548533471,-0.2845794342128499,0.7000000000000001,697,0.0004374434272148735
67,0.5243485613404885,-0.18209072259080336,0.7000000000000001,922,0.009675478771841071
68,0.47539407835868536,-0.26417381430776354,0.7000000000000001,871,9.796805735454742e-05
69,0.5016865306468454,-0.06382545966384098,0.7000000000000001,376,0.013539394458331269
70,0.45156402417362135,0.031878394528031075,0.7000000000000001,748,0.016330250371217717
71,0.5586631401513263,0.03093454385999067,0.7000000000000001,71,0.0022399605455898745
72,0.4114591501658661,-0.07745561465235909,0.7000000000000001,218,0.005099245727633557
73,0.3813956189587301,0.08010695356865791,0.7000000000000001,911,0.007765907323169203
74,0.4293168303484971,0.19550890446520364,0.7000000000000001,414,0.004397906719168288
75,0.5271010767523013,0.1526745388490959,0.7000000000000001,523,0.01596073901799918
76,0.46679588860805366,0.2352097505171218,0.7000000000000001,706,0.004878628051285106
77,0.5789357186620496,0.30693884853816417,0.7000000000000001,856,0.014229369756218422
78,0.4968981682266583,0.26096031577671547,0.7000000000000001,899,0.00201750739393024
79,0.6121610083790429,0.19922343402175988,0.7000000000000001,907,0.00699413343717672
80,0.4266514977730451,0.41411747110180475,0.7000000000000001,614,0.011979658364428514
81,0.4860978509199967,0.4845315554613525,0.7000000000000001,735,0.00015561160223742304
82,0.4239393004529573,0.3074993290318367,0.7000000000000001,811,0.010059258962830846
83,0.5529640512271493,0.4067774324794255,0.7000000000000001,982,0.017111808673830303
84,0.4523542446576599,0.4796124838513286,0.7000000000000001,988,0.0019094420873209002
85,0.3965066058587316,0.3583786412113743,0.7000000000000001,765,0.000687370747652176
86,0.3574976421428576,-0.41616880738337925,0.7000000000000001,217,0.018163854968172303
87,0.28638449343502753,-0.4025774184198428,0.7000000000000001,397,5.0982683318816834e-05
88,0.26382220949131197,-0.3767571392952224,0.7000000000000001,538,0.0030627720367500414
89,0.3893408454232581,-0.3222972128705061,0.7000000000000001,691,0.0036514412207517047
90,0.2618693922719138,-0.437055410351961,0.7000000000000001,894,0.012181425917460801
91,0.2724656729414658,-0.18746188278447407,0.7000000000000001,195,0.0014914175726529247
92,0.22089031113456523,-0.2891346800062205,0.7000000000000001,411,0.009854851042576607
93,0.36401903965984556,-0.26538572330193094,0.7000000000000001,773,0.007110293658196682
94,0.34974981367952823,-0.17237251829878003,0.7000000000000001,862,0.006822184473175719
95,0.310515897056505,-0.33939019576331647,0.7000000000000001,908,0.003921019487953572
96,0.2899247043937418,-0.26276871197641444,0.7000000000000001,949,0.0065678102697649555
97,0.2990429530097659,-0.09525967941757428,0.7000000000000001,143,0.012379616221755155
98,0.3332402685166009,0.016489324114940262,0.7000000000000001,477,0.00022549770621273522
99,0.36326942601123485,-0.03665143417419955,0.7000000000000001,821,0.006836262151627557
100,0.3299811656326523,0.029241830156410964,0.7000000000000001,275,0.00035625159925248826
101,0.25365400459045584,-0.033490460496467436,0.7000000000000001,768,0.008717428542902434
102,0.19280227732589406,0.10202366610109287,0.7000000000000001,331,0.00385167832082869
103,0.3817589433758196,0.18429089068192367,0.7000000000000001,534,0.005390824012146036
104,0.33381358870328437,0.22692785651812147,0.7000000000000001,819,0.009402580967110372
105,0.28390005082756303,0.10309031256471493,0.7000000000000001,938,0.01856536315500814
106,0.24638133966431264,0.22283546853879416,0.7000000000000001,955,0.005633705993924095
107,0.30120445095811005,0.30252552164519947,0.7000000000000001,256,0.006959516117854921
108,0.37328659368843414,0.4727917810438715,0.7000000000000001,358,0.0042371315517303705
109,0.24528970433116587,0.35147627847385177,0.7000000000000001,415,0.005329932957966762
110,0.20198524180351501,0.49803962016563563,0.7000000000000001,487,4.803293747117685e-05
111,0.265376957739151,0.4755219271298274,0.7000000000000001,543,0.006983258283306098
112,0.3234403442814068,0.39466016101787527,0.7000000000000001,879,0.009534164412553385
113,0.177921530378063,-0.37373900172807917,0.7000000000000001,30,0.005807572703125319
114,0.16216881567709168,-0.4617464732792046,0.7000000000000001,68,0.0052994476226192345
115,0.06162538953975233,-0.4795661634293815,0.7000000000000001,94,0.005030427668009003
116,0.07020206049524134,-0.3451508546025302,0.7000000000000001,310,0.0061706588967226405
117,0.08347549948599128,-0.4165102323672194,0.7000000000000001,903,0.013315773918261496
118,0.09956076701266917,-0.21032946019676918,0.7000000000000001,36,0.0052917085255525485
119,0.12650010828862832,-0.29387317877433355,0.7000000000000001,75,0.006729764102395842
120,0.019794084313289485,-0.2733506531994278,0.7000000000000001,229,0.004823429783365038
121,0.0613069488098817,-0.2698247884275153,0.7000000000000001,435,0.0018172889587703832
122,0.03399372020125781,-0.19720141513637496,0.7000000000000001,708,0.008197806230031966
123,0.18365843871170764,-0.20500284049308423,0.7000000000000001,754,0.010087574945676185
124,0.013449280307429007,-0.10873581399391556,0.7000000000000001,531,0.002057525056372856
125,0.2040090640791252,-0.0891351738505494,0.7000000000000001,540,6.0689713743374205e-05
126,0.21536872464273463,-0.13178722486264113,0.7000000000000001,839,0.005129878153350996
127,0.001290545831491278,-0.22504781452425657,0.7000000000000001,876,8.753505592150095e-06
128,0.13345326005468391,-0.09843383551114603,0.7000000000000001,619,0.0172153078354196
129,0.1722872986403894,0.019355735462046192,0.7000000000000001,828,0.01785075590009191
130,0.14123859692893176,0.1041204066493498,0.7000000000000001,895,0.0007625959953704906
131,0.20063532284254904,-0.051124594534003365,0.7000000000000001,552,2.2282129847082498e-06
132,0.038292830687136625,-0.020779291697157865,0.7000000000000001,914,0.007918860816055761
133,0.0528338351384467,0.25167696038485826,0.7000000000000001,12,0.00918992929378581
134,0.07561221449152737,0.08230381174370384,0.7000000000000001,226,0.008773282140415914
135,0.0529401126278136,0.157048953205343,0.7000000000000001,253,0.00788032082299374
136,0.10059559828559528,0.2674740412393918,0.7000000000000001,316,0.0008476212408666563
137,0.01685721012229402,0.18339308764391726,0.7000000000000001,500,0.0013517901620583776
138,0.18395626354891265,0.2825980363300929,0.7000000000000001,762,0.011222237589574293
139,0.14498327574235947,0.17923838646835005,0.7000000000000001,859,0.01044329082572593
140,0.0553697096101217,0.3733141007124827,0.7000000000000001,202,0.0070697248512962
141,0.17117875438813226,0.3656919994331299,0.7000000000000001,283,0.0032342543678263117
142,0.19766245428644064,0.43245432374422915,0.7000000000000001,606,0.009477825620198808
143,0.12137272178668657,0.4249554307555541,0.7000000000000001,722,0.002423763241241458
144,0.10659663296092803,0.33045477287909014,0.7000000000000001,829,0.007419617392386478
145,0.04366003212070908,0.45059248079120573,0.7000000000000001,963,0.008451793890593709
146,0.09592041100538476,0.45174391063249614,0.7000000000000001,459,0.00048466001836809246
147,0.13217818640543355,0.47800854688770616,0.7000000000000001,712,0.004428287069476015
0,0.9230037569460622,-0.357456213023495,0.8,595,0.0051594231668670365
1,0.9661679213042519,-0.41396897450272113,0.8,693,0.0016911582599282602
2,0.8032634383380997,-0.4712150113779209,0.8,743,0.0009723303187850363
3,0.8531668851289763,-0.3682692048147643,0.8,104,0.00021625132926807763
4,0.8499610019773945,-0.4483515700384604,0.8,408,0.0068188113118577975
5,0.9154526665900099,-0.40382756731578945,0.8,440,0.006726090752932503
6,0.937472557747974,-0.4624160856298742,0.8,571,0.0072550579403499425
7,0.9074371152284945,-0.1956866921048367,0.8,98,0.005976358346004778
8,0.8975729530585635,-0.11826465829487597,0.8,142,0.0013147144264770497
9,0.8582235584456775,-0.29924175421592125,0.8,925,0.009130480297503496
10,0.9270539645327016,-0.2925518992364882,0.8,119,0.004552173966323517
11,0.9572344214896503,-0.1387801031115559,0.8,292,0.004970233497364046
12,0.8346109857093186,-0.17777554210388738,0.8,336,0.009455001875247398
13,0.8126271153859742,-0.1279654887062738,0.8,657,0.0034441485606580644
14,0.9733613642669138,-0.25712893469267084,0.8,686,0.009041014227676149
15,0.9507780842909621,-0.034392094158396995,0.8,17,0.010207554438342053
16,0.8736589885081375,0.05461164961951739,0.8,87,0.0019392814522664072
17,0.8634881182586417,-0.07369044814975076,0.8,159,0.0067419639294079466
18,0.9589470357028365,0.05633594720693348,0.8,231,0.009366237910364193
19,0.8123995763838602,0.006545883762903442,0.8,557,0.014276395979727711
20,0.9993427388252889,0.01346708822295987,0.8,496,1.3074865199069007e-05
21,0.9204080401451027,0.017166211460228148,0.8,860,0.0003867846827127285
22,0.9610053534362333,0.21659461696297788,0.8,375,0.009941519365181976
23,0.8948653787970134,0.22447586252629495,0.8,499,0.00019736186954016243
24,0.8442898322976228,0.16363428422058204,0.8,633,0.00967748184278949
25,0.7805676252758377,0.11827786485456755,0.8,349,0.007837364950989098
26,0.8741603216985837,0.21991044424044692,0.8,542,1.7610823339388962e-05
27,0.9008607816118562,0.15469416082644025,0.8,673,0.010951349345222967
28,0.8616687160842545,0.2675398215128052,0.8,696,0.014033648846068659
29,0.8269760814834477,0.3815757471840689,0.8,703,0.008108241113701623
30,0.9436469580570848,0.35277248127453265,0.8,726,0.013257872668992678
31,0.9149574159077856,0.45739075015700914,0.8,814,0.012066543012723105
32,0.8141620416310936,-0.3651081430677865,0.8,756,0.0034235438599931212
33,0.5940231051076831,-0.4341061818940667,0.8,848,0.008694945124202425
34,0.7569259631607725,-0.4701121202858173,0.8,897,0.004530503628019526
35,0.6608628694121292,-0.3808889183905893,0.8,122,0.003665413910138849
36,0.681509814646818,-0.44928995894579404,0.8,236,0.006177914717325708
37,0.7564906834121956,-0.39812025846309257,0.8,266,0.010674942305915845
38,0.6803241845526949,-0.3076781089942457,0.8,447,0.015514195330268106
39,0.5864956121887275,-0.27128739023017817,0.8,551,0.005857603636416932
40,0.6925176230164207,-0.15390158679861238,0.8,714,0.015092818428701695
41,0.7691223883447147,-0.26167328417134395,0.8,804,0.011553151514220275
42,0.7244603503410081,-0.059761573077683317,0.8,808,0.002327431025865101
43,0.6747997146707002,0.019807701505569753,0.8,980,0.008662443298911372
44,0.7004861273078656,-0.04660240510436313,0.8,96,0.0035010768393101176
45,0.6084163928711662,-0.058749127504391936,0.8,335,0.0101791577465907
46,0.7815586494561166,-0.07798642403431753,0.8,624,0.003704260086832137
47,0.7446998131885574,-0.10785630769613402,0.8,658,0.0032919133032298827
48,0.7470445563359915,0.1555879144953729,0.8,116,0.00020415997128998736
49,0.6726659234022279,0.11806013619400692,0.8,959,0.017316528129550663
50,0.6357004039104078,0.28152935570199245,0.8,1,0.009918565304328917
51,0.7876521264783685,0.22150859766299513,0.8,61,0.002933192324864179
52,0.7558286563755467,0.20187063722982254,0.8,243,0.0032726175241422663
53,0.7038132476937743,0.20068041266451545,0.8,541,0.0056719031503174155
54,0.6831684660426807,0.2406827535207269,0.8,730,0.0011716952626859853
55,0.7400349752523746,0.2923430047640628,0.8,140,0.010199110443877323
56,0.6440570579076538,0.43293473158854806,0.8,386,0.013074467530165447
57,0.7471255653580677,0.4028617220726609,0.8,656,0.007244128281355537
58,0.7074290772257804,0.35690530920637986,0.8,731,0.005145352833511761
59,0.7804413515197545,0.4643952385237403,0.8,976,0.00900066283303953
60,0.5475541771158807,-0.39066245456327314,0.8,287,0.0005616368513597707
61,0.5817435417196033,-0.36756723269831565,0.8,948,0.003599174787379447
62,0.5424795600070459,-0.4756561993975715,0.8,100,0.0024209432856967675
63,0.4124597139310281,-0.39249176054953044,0.8,390,0.014534236369810941
64,0.4850304054151461,-0.4417555326583251,0.8,471,0.011753702150403287
65,0.5265243321828977,-0.3384526939876956,0.8,842,0.005503328683997188
66,0.41544058629950265,-0.19460881735166988,0.8,141,0.011246179446223931
67,0.568097461808188,-0.14442400963265714,0.8,593,0.010569378606908654
68,0.5189824767216502,-0.16827045159380763,0.8,922,0.002627405565271133
69,0.5500915664768256,-0.2438728558404263,0.8,90,0.003956587599140647
70,0.47507423863586046,-0.2534755895732275,0.8,871,0.010240775032954907
71,0.557087201533833,0.043658159665765015,0.8,71,0.01383278257596906
72,0.4069261731194634,-0.06488847172065297,0.8,218,0.00836186144359179
73,0.49078809479717445,-0.11832355778831558,0.8,332,0.0031524941776546415
74,0.487796963886935,-0.052402323200005436,0.8,342,0.009009503358192353
75,0.41112825682761234,0.10053655004902605,0.8,911,0.023188224245712024
76,0.4227661279628114,0.21279079463220818,0.8,414,0.002396211048196247
77,0.4900237262414947,0.14918675055835423,0.8,523,0.003766117260695896
78,0.44911386416006405,0.22738914159688628,0.8,706,0.0022351614590084786
79,0.5532614078004062,0.3139940014364693,0.8,856,0.005899517633125353
80,0.564860539876243,0.22483642293682768,0.8,907,0.009694601574060449
81,0.4740264618183992,0.27162456291674136,0.8,235,0.00429410706892399
82,0.5329629117003462,0.16975509488615903,0.8,785,0.009330114451984672
83,0.4536493750790585,0.41701245684688354,0.8,614,0.0002861921268753659
84,0.41591683880993874,0.2646169085896138,0.8,811,0.0002987653534039879
85,0.5620106667817523,0.412918043095144,0.8,982,0.009852195847283968
86,0.4277485943094642,0.4545465834957115,0.8,988,0.01136076198226885
87,0.5400471404834373,0.4879447860226711,0.8,445,0.002156591213051979
88,0.4938302268075275,0.37945690471789373,0.8,629,0.007800216096056416
89,0.4172811802343094,0.36033749213887095,0.8,765,0.012295164589177279
90,0.3569880144348779,-0.46958574695613103,0.8,217,5.997451867868153e-06
91,0.39351937846460167,-0.2981321015984114,0.8,691,0.004318448481550324
92,0.29362054769797125,-0.4501424397307727,0.8,894,0.0129318543285263
93,0.3422478130726351,-0.29907253153504676,0.8,221,0.004478142626588826
94,0.31982702988502343,-0.39522623498452086,0.8,400,0.009715489469017485
95,0.24987910867157756,-0.23836939185303901,0.8,411,0.00032494256721063913
96,0.35082294388055435,-0.2415057511144782,0.8,773,0.0012694932354190525
97,0.29104614724498384,-0.27888343284834405,0.8,908,0.007849429088864426
98,0.2647841224963555,-0.24368551459157572,0.8,949,0.00036709712227509314
99,0.22725657936684818,-0.31100277015421807,0.8,294,0.012229557003417166
100,0.26934311470857436,-0.19468235044732754,0.8,659,0.005267971051686442
101,0.3339374379602667,-0.19609632775750133,0.8,766,0.0033668099539440745
102,0.3408092819475577,-0.10528725095963865,0.8,821,0.011003760990401946
103,0.32553228424758146,0.033086751972461345,0.8,275,0.007821238428794761
104,0.26226152480299425,-0.07280342168766023,0.8,768,0.011129693328091689
105,0.2411153129238064,-0.009237176425301807,0.8,815,0.0019963818021510246
106,0.2433855757408441,0.10097377432015614,0.8,331,0.013698647113937215
107,0.39743306291443786,0.19130515536605697,0.8,534,0.00026597045879820806
108,0.36817368502274833,0.22032554397135376,0.8,819,0.007140950712440801
109,0.3180022501869493,0.13526100274107894,0.8,938,0.0039031321600135676
110,0.25323720333890204,0.23220433379301136,0.8,955,0.014399346147495452
111,0.292370731067794,0.29826481217950945,0.8,256,0.0026804785205140286
112,0.2729960679511927,0.35868812449264426,0.8,415,0.0018831636964202283
113,0.27107229913081077,0.4471389599977729,0.8,543,0.011756743953579
114,0.322765087264386,0.39844837583303977,0.8,879,0.002165476666752917
115,0.34915812251512657,0.31922983076744016,0.8,348,0.009489022555123745
116,0.22580904546046363,0.3249970847609014,0.8,559,0.004907330020502853
117,0.15083154759478445,-0.46146303485516577,0.8,68,0.007956003547528288
118,0.04523807230324295,-0.49350211860305027,0.8,94,0.0011747512490393986
119,0.0540490904667212,-0.42614860682957934,0.8,903,0.013569005982702765
120,0.1340831093518676,-0.360745858605897,0.8,295,0.011509695918397098
121,0.11353880787386746,-0.19238436056877162,0.8,36,0.00025026305457123433
122,0.13199670972314254,-0.2419706548505253,0.8,75,0.004880120967897301
123,0.018919193395079748,-0.3364692343722992,0.8,229,0.0021224211945334746
124,0.07199985181609492,-0.2773395150724953,0.8,435,0.008296804517765124
125,0.2032213254211685,-0.2301289628606539,0.8,754,0.003133801202789064
126,0.03177219128142711,-0.11602623620404734,0.8,531,0.004715638808095574
127,0.16148141402986121,-0.10431943865238998,0.8,540,0.007849489222257932
128,0.0707820622049766,-0.1806439855718573,0.8,612,0.006990244405295007
129,0.1708293478175623,-0.17353055762356906,0.8,839,0.009245150113979838
130,0.022978996217406067,-0.25694012009596306,0.8,876,0.004464990143948546
131,0.09252748944764058,-0.09252488244362271,0.8,619,0.0029296652098027764
132,0.11197736909699815,0.026585550568262103,0.8,529,0.004178732569518669
133,0.1549612289871139,-0.03780124190555614,0.8,552,0.007035532151960979
134,0.17220054763637013,0.05503152539074996,0.8,753,0.00893698118504952
135,0.059280167946845284,-0.02477732281969387,0.8,914,0.012807623398293095
136,0.03282418918458718,0.24798364173839646,0.8,12,0.00684482270898758
137,0.06769237695324128,0.10109198578885363,0.8,226,0.011050778319554458
138,0.02938150401673738,0.1795144392148566,0.8,253,0.0028457256986228925
139,0.004227565545809127,0.18951220172368277,0.8,500,8.501950664964191e-05
140,0.18364324104077573,0.29592311810214766,0.8,762,0.002527693583768202
141,0.12250109062929444,0.19187086116364777,0.8,859,0.016068287498708887
142,0.15213159313726562,0.2712063851420773,0.8,562,0.004772127680163519
143,0.04372875756452094,0.3448203037354603,0.8,202,0.004317103634096942
144,0.170468917335053,0.3359961090753033,0.8,283,0.0006769221331939926
145,0.08326357247547989,0.3018409482109929,0.8,829,0.002933052089800937
146,0.018695102029882317,0.44126684172264985,0.8,963,0.005711373102836057
147,0.14183904355715646,0.4253854097378478,0.8,333,0.0030644102164630194
148,0.07864641441134804,0.4178913548739677,0.8,459,0.005700383495457648
149,0.12553809107783984,0.48106851120944544,0.8,712,0.00639338047376228
150,0.12681519230231325,0.34900722561942893,0.8,758,0.0064747026615862065
151,0.20279935656768083,0.4055713807099658,0.8,837,0.008149567814274252
